
-- phpMyAdmin SQL Dump
-- version 3.5.2.2
-- http://www.phpmyadmin.net
--
-- Хост: localhost
-- Время создания: Июл 02 2014 г., 07:14
-- Версия сервера: 5.1.69
-- Версия PHP: 5.2.17

SET SQL_MODE="NO_AUTO_VALUE_ON_ZERO";
SET time_zone = "+00:00";


/*!40101 SET @OLD_CHARACTER_SET_CLIENT=@@CHARACTER_SET_CLIENT */;
/*!40101 SET @OLD_CHARACTER_SET_RESULTS=@@CHARACTER_SET_RESULTS */;
/*!40101 SET @OLD_COLLATION_CONNECTION=@@COLLATION_CONNECTION */;
/*!40101 SET NAMES utf8 */;

--
-- База данных: `u283661699_plink`
--

-- --------------------------------------------------------

--
-- Структура таблицы `countries`
--

CREATE TABLE IF NOT EXISTS `countries` (
  `id` int(11) NOT NULL AUTO_INCREMENT,
  `country` varchar(255) CHARACTER SET utf8 NOT NULL,
  PRIMARY KEY (`id`)
) ENGINE=MyISAM  DEFAULT CHARSET=latin2 AUTO_INCREMENT=221 ;

--
-- Дамп данных таблицы `countries`
--

INSERT INTO `countries` (`id`, `country`) VALUES
(16, 'Armenia'),
(25, 'Belarus'),
(70, 'Estonia'),
(115, 'Kazakhstan'),
(120, 'Kyrgyzstan'),
(122, 'Latvia'),
(127, 'Lithuania'),
(142, 'Moldova, Republic of'),
(173, 'Russian Federation'),
(200, 'Tajikistan'),
(208, 'Turkmenistan'),
(210, 'Украина'),
(213, 'Uzbekistan');

-- --------------------------------------------------------

--
-- Структура таблицы `pages`
--

CREATE TABLE IF NOT EXISTS `pages` (
  `pg_id` smallint(5) NOT NULL AUTO_INCREMENT,
  `pg_title` varchar(50) DEFAULT NULL,
  `pg_parent` smallint(5) NOT NULL DEFAULT '0',
  `pg_alias` varchar(50) DEFAULT NULL,
  PRIMARY KEY (`pg_id`)
) ENGINE=MyISAM  DEFAULT CHARSET=utf8 AUTO_INCREMENT=18 ;

--
-- Дамп данных таблицы `pages`
--

INSERT INTO `pages` (`pg_id`, `pg_title`, `pg_parent`, `pg_alias`) VALUES
(1, 'Keyshop', 0, '/index.php'),
(2, 'Магазин', 1, '/shop/'),
(3, 'Вход в интернет-магазин', 1, '/user/login'),
(5, 'Регистрация', 1, '/user/register'),
(6, 'Доставка и оплата', 1, '/info/delivery'),
(7, 'Контакты', 1, '/info/contacts'),
(8, 'Корзина', 1, '/cart'),
(9, 'Оформление заказа', 1, '/checkout'),
(10, 'Изменение пароля', 1, '/user/change_pass'),
(11, 'Подтверждение пароля', 1, '/user/confirm_pass'),
(12, 'Редактирование профиля', 1, '/user/edit_profile'),
(13, 'Список заказов', 1, '/user/order_list'),
(14, 'Детали заказа', 1, '/user/order_detail'),
(15, 'Восстановление пароля', 1, '/user/pass_reset'),
(16, 'Список отзывов', 1, '/user/review_list'),
(17, 'Помощь и гарантийные обязательства', 1, '/info/help');

-- --------------------------------------------------------

--
-- Структура таблицы `site_settings`
--

CREATE TABLE IF NOT EXISTS `site_settings` (
  `id` int(2) NOT NULL AUTO_INCREMENT,
  `site_url` varchar(85) NOT NULL,
  `site_email` varchar(85) NOT NULL,
  PRIMARY KEY (`id`)
) ENGINE=MyISAM  DEFAULT CHARSET=latin1 AUTO_INCREMENT=2 ;

--
-- Дамп данных таблицы `site_settings`
--

INSERT INTO `site_settings` (`id`, `site_url`, `site_email`) VALUES
(1, 'keyshop.in.ua', 'keyshop.ua@gmail.com');

-- --------------------------------------------------------

--
-- Структура таблицы `tbl_cart`
--

CREATE TABLE IF NOT EXISTS `tbl_cart` (
  `ct_id` int(10) unsigned NOT NULL AUTO_INCREMENT,
  `pd_id` int(10) unsigned NOT NULL DEFAULT '0',
  `ct_qty` mediumint(8) unsigned NOT NULL DEFAULT '1',
  `ct_session_id` char(32) NOT NULL DEFAULT '',
  `ct_date` datetime NOT NULL DEFAULT '0000-00-00 00:00:00',
  PRIMARY KEY (`ct_id`),
  KEY `pd_id` (`pd_id`),
  KEY `ct_session_id` (`ct_session_id`)
) ENGINE=MyISAM  DEFAULT CHARSET=utf8 AUTO_INCREMENT=11 ;

--
-- Дамп данных таблицы `tbl_cart`
--

INSERT INTO `tbl_cart` (`ct_id`, `pd_id`, `ct_qty`, `ct_session_id`, `ct_date`) VALUES
(7, 26, 1, '5ol6vuvk1a0agg7q2tqigvpm55', '2014-06-16 11:15:10');

-- --------------------------------------------------------

--
-- Структура таблицы `tbl_category`
--

CREATE TABLE IF NOT EXISTS `tbl_category` (
  `cat_id` int(10) unsigned NOT NULL AUTO_INCREMENT,
  `cat_parent_id` int(11) NOT NULL DEFAULT '0',
  `cat_mnu` smallint(5) NOT NULL,
  `cat_name` varchar(50) NOT NULL DEFAULT '',
  `cat_description` varchar(200) NOT NULL DEFAULT '',
  `cat_image` varchar(255) NOT NULL DEFAULT '',
  PRIMARY KEY (`cat_id`),
  KEY `cat_parent_id` (`cat_parent_id`),
  KEY `cat_name` (`cat_name`)
) ENGINE=MyISAM  DEFAULT CHARSET=utf8 AUTO_INCREMENT=77 ;

--
-- Дамп данных таблицы `tbl_category`
--

INSERT INTO `tbl_category` (`cat_id`, `cat_parent_id`, `cat_mnu`, `cat_name`, `cat_description`, `cat_image`) VALUES
(56, 15, 4, 'Ботинки', 'Ботинки', ''),
(57, 15, 4, 'Кроссовки', 'Кроссовки', ''),
(54, 16, 3, 'Костюмы', 'Костюмы', ''),
(55, 16, 3, 'Куртки', 'Куртки', ''),
(53, 16, 3, 'Комбинезоны', 'Комбинезоны', ''),
(47, 17, 2, 'Монокуляры', 'Монокуляры', ''),
(48, 17, 2, 'Приборы Ночного Видения', 'Приборы Ночного Видения', ''),
(49, 17, 2, 'Трубы подзорные', 'Трубы подзорные', ''),
(50, 17, 2, 'Телескопы', 'Телескопы', ''),
(51, 17, 2, 'Дальномеры', 'Дальномеры', ''),
(42, 17, 2, 'Прицелы оптические', 'Прицелы оптические', ''),
(43, 17, 2, 'Прицелы коллиматорные', 'Прицелы коллиматорные', ''),
(44, 17, 2, 'Крепления для оптики', 'Крепления для оптики', ''),
(45, 17, 2, 'Лазерные целеуказатели', 'Лазерные целеуказатели', ''),
(46, 17, 2, 'Бинокли', 'Бинокли', ''),
(38, 13, 1, 'Ножи и Точила', 'Ножи и Точила', ''),
(74, 13, 1, 'Боеприпасы', 'Боеприпасы', ''),
(40, 13, 1, 'Аксессуары', 'Аксессуары', ''),
(41, 13, 1, 'Макеты Массо-габаритные (ММГ)', 'Макеты Массо-габаритные (ММГ)', ''),
(32, 29, 1, 'СО2', 'С сжатым газом СО2 в баллонах', 'e195da235010ac617189120f46e5e77b.jpg'),
(34, 13, 1, 'Револьверы под патрон Флобера', 'Револьверы под патрон Флобера', ''),
(35, 13, 1, 'Сигнальные пистолеты', 'Сигнальные пистолеты', ''),
(19, 18, 10, 'Аксессуары', 'Аксессуары к клавиатурам Ducky', '0c403aef5954f5809f9632fbc5f69aac.jpg'),
(31, 29, 1, 'Пружинно-поршневые', 'Пружинно-поршневые', '0311599aba4731d637bc90413d84d71f.jpg'),
(30, 29, 1, 'Мультикомпрессионные', 'Мультикомпрессионные', '38216393f40623dd5c544a4f781e9d23.jpg'),
(29, 13, 1, 'Пневматические пистолеты', 'Пневматические пистолеты', '90e88e0318eda3c2e46d4093d0e2fa98.jpg'),
(21, 18, 10, 'Клавиатуры', 'Механические клавиатуры Ducky', '9adfd36368ee24b8d325fe9d5944f6ea.jpg'),
(18, 0, 10, 'Keyshop.in.ua', 'Механические клавиатуры', '9916b9f804e55ee47265af0e646b023e.jpg'),
(28, 24, 1, 'Мультикомпрессионные', 'Мультикомпрессионные пневматические винтовки\r\n  Грубо говоря, это теже PCP. Отличаются только тем, что перед каждым выстрелом надо накачать баллон винтовки, это делается специальным рычагом на корпусе', 'd605e3185bc3e8ddd799ec9ccf3567fe.jpg'),
(27, 24, 1, 'Пружинно-поршневые', 'Пружинно-поршневые пневматические винтовки\r\n  Эти винтовки можно отнести к классическим, с них все начиналось. Пулю, грубо говоря, выталкивает пружина. Обычно такие винтовки имеют простой и надежный м', ''),
(26, 24, 1, 'РСР (с предварительной накачкой)', 'Пневматические винтовки с предварительной накачкой PCP\r\n  Винтовки PCP это уникальный вид пневматики, которые стреляют за счет сжатого воздуха, который закачивается в специальный резервуар насосом выс', 'c3fcf74bbb856b52bd20567adc012d53.jpg'),
(25, 24, 1, 'Газо-пружинные', 'Пневматические винтовки с газовой пружиной\r\n  Главное отличие таких винтовок, это газовая пружина. Она дает неоспоримое приемущество перед обычной пружиной. Ресурс газовой пружины 10 000 - 40 000 выст', 'be86b0b72484bfdab4ef6631b832522a.jpg'),
(24, 13, 1, 'Пневматические винтовки', 'Пневматические винтовки', '1e72e9ec1318aed7273311cee3811976.jpg'),
(58, 15, 4, 'Сапоги', 'Сапоги', ''),
(59, 15, 4, 'Туфли', 'Туфли', ''),
(60, 14, 5, 'Газовые баллончики', 'Газовые баллончики', ''),
(61, 14, 5, 'Дубинки', 'Дубинки', ''),
(62, 14, 5, 'Наручники', 'Наручники', ''),
(63, 14, 5, 'Электрошокеры', 'Электрошокеры', ''),
(64, 14, 6, 'Фонари', 'Фонари', ''),
(65, 0, 6, 'Туризм', 'Туризм', ''),
(66, 65, 6, 'Арбалеты', 'Арбалеты', ''),
(67, 65, 6, 'Луки', 'Луки', ''),
(68, 65, 6, 'Рогатки', 'Рогатки', ''),
(17, 0, 2, 'Оптика', 'Оптика', ''),
(16, 0, 3, 'Одежда', 'Одежда', ''),
(15, 0, 4, 'Обувь', 'Обувь', ''),
(14, 0, 5, 'Защита', 'Защита', ''),
(13, 0, 1, 'Оружие', 'Оружие', '');

-- --------------------------------------------------------

--
-- Структура таблицы `tbl_category_link`
--

CREATE TABLE IF NOT EXISTS `tbl_category_link` (
  `lnk_id` smallint(5) NOT NULL AUTO_INCREMENT,
  `cat_id` smallint(5) NOT NULL,
  `flt_id` smallint(5) NOT NULL,
  PRIMARY KEY (`lnk_id`)
) ENGINE=MyISAM  DEFAULT CHARSET=utf8 AUTO_INCREMENT=468 ;

--
-- Дамп данных таблицы `tbl_category_link`
--

INSERT INTO `tbl_category_link` (`lnk_id`, `cat_id`, `flt_id`) VALUES
(1, 31, 1),
(2, 31, 6),
(3, 31, 13),
(4, 31, 3),
(5, 31, 15),
(6, 31, 14),
(7, 31, 10),
(8, 31, 19),
(9, 31, 20),
(10, 31, 16),
(17, 31, 22),
(18, 31, 9),
(19, 31, 12),
(129, 31, 23),
(21, 30, 1),
(22, 30, 6),
(23, 30, 13),
(24, 30, 3),
(25, 30, 15),
(26, 30, 14),
(27, 30, 10),
(28, 30, 19),
(29, 30, 20),
(30, 30, 16),
(31, 30, 22),
(32, 30, 9),
(33, 30, 12),
(34, 30, 7),
(40, 21, 1),
(45, 21, 4),
(46, 21, 17),
(47, 21, 12),
(48, 21, 7),
(50, 25, 1),
(51, 25, 6),
(52, 25, 9),
(53, 25, 15),
(54, 25, 3),
(55, 25, 19),
(56, 25, 11),
(57, 25, 7),
(58, 25, 8),
(59, 25, 20),
(60, 25, 12),
(61, 25, 16),
(62, 25, 14),
(63, 25, 10),
(64, 25, 13),
(65, 27, 1),
(90, 27, 6),
(91, 27, 9),
(92, 27, 19),
(111, 28, 1),
(112, 28, 6),
(95, 27, 11),
(96, 27, 7),
(97, 27, 8),
(98, 27, 12),
(99, 27, 16),
(113, 28, 15),
(101, 27, 14),
(78, 26, 1),
(79, 26, 6),
(80, 26, 15),
(81, 26, 3),
(82, 26, 14),
(83, 26, 19),
(84, 26, 11),
(85, 26, 7),
(86, 26, 20),
(87, 26, 12),
(88, 26, 10),
(89, 26, 13),
(102, 27, 10),
(103, 27, 13),
(114, 28, 3),
(115, 28, 14),
(164, 32, 1),
(130, 31, 7),
(116, 28, 10),
(128, 28, 18),
(118, 28, 3),
(119, 28, 12),
(120, 28, 20),
(121, 28, 11),
(122, 28, 9),
(123, 28, 8),
(124, 28, 20),
(125, 28, 12),
(126, 28, 7),
(127, 28, 13),
(165, 32, 6),
(166, 32, 13),
(167, 32, 15),
(168, 32, 3),
(169, 32, 14),
(170, 32, 10),
(171, 32, 26),
(172, 32, 17),
(173, 32, 31),
(174, 32, 35),
(175, 32, 34),
(176, 32, 27),
(177, 32, 19),
(178, 32, 30),
(179, 32, 22),
(180, 32, 32),
(181, 32, 20),
(182, 32, 28),
(183, 32, 23),
(184, 32, 29),
(185, 32, 9),
(186, 32, 24),
(187, 32, 12),
(188, 32, 25),
(189, 32, 18),
(157, 32, 33),
(190, 32, 7),
(205, 34, 1),
(204, 34, 6),
(203, 34, 15),
(202, 34, 36),
(206, 34, 3),
(207, 34, 14),
(208, 34, 38),
(209, 34, 17),
(210, 34, 31),
(211, 34, 37),
(212, 34, 22),
(213, 34, 32),
(214, 34, 20),
(215, 34, 28),
(216, 34, 23),
(217, 34, 29),
(218, 34, 30),
(219, 34, 19),
(220, 34, 9),
(221, 34, 24),
(222, 34, 12),
(223, 34, 7),
(224, 35, 1),
(225, 35, 6),
(226, 35, 36),
(248, 35, 15),
(228, 35, 3),
(229, 35, 38),
(230, 35, 0),
(231, 35, 0),
(232, 35, 17),
(233, 35, 0),
(234, 35, 31),
(235, 35, 35),
(236, 35, 34),
(237, 35, 27),
(238, 35, 19),
(239, 35, 30),
(240, 35, 22),
(241, 35, 32),
(242, 35, 20),
(243, 35, 28),
(244, 35, 23),
(245, 35, 29),
(252, 35, 9),
(247, 35, 24),
(251, 35, 12),
(250, 35, 7),
(253, 38, 39),
(254, 38, 6),
(255, 38, 40),
(256, 38, 41),
(257, 38, 42),
(258, 38, 43),
(259, 38, 44),
(260, 38, 45),
(261, 38, 46),
(262, 38, 47),
(263, 38, 12),
(264, 38, 48),
(265, 38, 51),
(266, 38, 49),
(267, 38, 50),
(268, 41, 48),
(269, 41, 39),
(270, 41, 10),
(271, 41, 26),
(272, 41, 29),
(273, 41, 38),
(274, 41, 8),
(275, 41, 27),
(276, 41, 7),
(277, 38, 7),
(278, 74, 39),
(279, 74, 6),
(280, 74, 53),
(281, 74, 3),
(282, 74, 56),
(283, 74, 57),
(284, 74, 2),
(285, 74, 55),
(286, 74, 52),
(427, 42, 39),
(428, 42, 6),
(429, 42, 65),
(430, 42, 58),
(431, 42, 59),
(432, 42, 60),
(433, 42, 61),
(434, 42, 64),
(435, 42, 62),
(436, 42, 63),
(437, 42, 84),
(438, 42, 95),
(439, 42, 67),
(440, 42, 103),
(441, 42, 68),
(442, 42, 69),
(443, 42, 17),
(444, 42, 31),
(445, 42, 70),
(446, 42, 102),
(447, 42, 71),
(448, 42, 72),
(449, 42, 73),
(450, 42, 74),
(451, 42, 76),
(452, 42, 66),
(453, 42, 100),
(454, 42, 81),
(455, 42, 0),
(456, 42, 88),
(457, 42, 78),
(458, 42, 82),
(459, 42, 83),
(460, 42, 97),
(461, 42, 12),
(462, 42, 87),
(463, 42, 86),
(464, 42, 0),
(465, 42, 52),
(466, 42, 101),
(467, 42, 85);

-- --------------------------------------------------------

--
-- Структура таблицы `tbl_currency`
--

CREATE TABLE IF NOT EXISTS `tbl_currency` (
  `cy_id` int(10) unsigned NOT NULL AUTO_INCREMENT,
  `cy_code` char(3) NOT NULL DEFAULT '',
  `cy_symbol` varchar(8) NOT NULL DEFAULT '',
  PRIMARY KEY (`cy_id`)
) ENGINE=MyISAM  DEFAULT CHARSET=utf8 AUTO_INCREMENT=5 ;

--
-- Дамп данных таблицы `tbl_currency`
--

INSERT INTO `tbl_currency` (`cy_id`, `cy_code`, `cy_symbol`) VALUES
(1, 'EUR', '&#8364;'),
(2, 'ГРН', ' грн'),
(3, 'JPY', '&yen;'),
(4, 'USD', '$');

-- --------------------------------------------------------

--
-- Структура таблицы `tbl_filters`
--

CREATE TABLE IF NOT EXISTS `tbl_filters` (
  `flt_id` smallint(5) NOT NULL AUTO_INCREMENT,
  `flt_name` varchar(30) NOT NULL,
  PRIMARY KEY (`flt_id`)
) ENGINE=MyISAM  DEFAULT CHARSET=utf8 AUTO_INCREMENT=104 ;

--
-- Дамп данных таблицы `tbl_filters`
--

INSERT INTO `tbl_filters` (`flt_id`, `flt_name`) VALUES
(1, 'Производитель'),
(2, 'Модель'),
(3, 'Калибр'),
(26, 'Выстрелов с одной заправки'),
(5, 'Используемые материалы'),
(6, 'Страна-производитель'),
(7, 'Вес,кг'),
(8, 'Кратность(увеличение)'),
(9, 'Тип прицела'),
(10, 'Емкость магазина'),
(11, 'Материал приклада'),
(12, 'Длина общая'),
(13, 'Тип пневматики'),
(14, 'Начальная скорость пули'),
(15, 'Тип боеприпасов'),
(16, 'Тип пружины'),
(17, 'Материал корпуса'),
(18, 'Источник энергии'),
(19, 'Тип взвода'),
(20, 'Предохранитель'),
(21, 'Тип заряда'),
(22, 'Материал рукояти'),
(23, 'Ствол'),
(24, 'Длина ствола'),
(25, 'Ширина планки'),
(27, 'Материал затвора/рамы'),
(28, 'Спуск'),
(29, 'Дульная энергия'),
(30, 'Режим огня'),
(31, 'Цвет корпуса'),
(32, 'Цвет рукояти'),
(34, 'BlowBack'),
(35, 'Затворная рама'),
(36, 'Тип оружия'),
(37, 'Материал барабана'),
(38, 'Зарядность'),
(39, 'Бренд'),
(40, 'Тип ножа'),
(41, 'Тип клинка'),
(42, 'Тип режущей кромки'),
(43, 'Цвет клинка'),
(44, 'Тип замка'),
(45, 'Марка стали'),
(46, 'Твёрдость лезвия'),
(47, 'Материал рукоятки'),
(48, 'Длина лезвия'),
(49, 'Материал ножен/чехла'),
(50, 'Цвет ножен/чехла'),
(51, 'Толщина клинка, мм'),
(52, 'Вес, г'),
(53, 'Тип'),
(56, 'Форма'),
(55, 'Количество в упаковке'),
(57, 'Покрытие'),
(58, 'MAX кратность'),
(59, 'MIN кратность'),
(60, 'Диаметр линзы'),
(61, 'Диаметр трубки'),
(62, 'Подсветка прицельной марки'),
(63, 'Цвет подсветки'),
(64, 'Тип сетки'),
(65, 'Назначение'),
(66, 'Цена поправки 1 клика'),
(67, 'Регулировка параллакса'),
(68, 'Крепление'),
(69, 'Крепление в комплекте'),
(70, 'Удаление зрачка от линзы'),
(71, 'Диоптрийная наводка окуляра'),
(72, 'Диаметр выходного зрачка'),
(73, 'MAX диаметр выходного зрачка'),
(74, 'MAX поле зрения'),
(76, 'Поле зрения на 100 м.'),
(99, 'Просветление линз'),
(78, 'Газонаполнение'),
(96, 'Параллакс / Фокусировка'),
(98, 'Подсветка'),
(81, 'Запас поправок на 100 м.'),
(82, 'Светопропускание'),
(83, 'Выдерживает нагрузку'),
(84, 'Уровней подсветки'),
(85, 'Гарантия'),
(86, 'Габариты в упаковке'),
(87, 'Размеры ДхШхВ'),
(88, 'Угловое поле зрения, град.'),
(89, 'Фиксация на оружии'),
(90, 'Тип прицельной марки'),
(91, 'Цвет прицельной марки'),
(92, 'Размер точки'),
(93, 'Размер входной линзы'),
(94, 'Размер выходной линзы'),
(95, 'Источник питания'),
(97, 'Особенности корпуса'),
(100, 'Занос поправок (верт./гор.)'),
(101, 'Комплектация'),
(102, 'Диаметр окуляра'),
(103, 'Настройка параллакса');

-- --------------------------------------------------------

--
-- Структура таблицы `tbl_filter_link`
--

CREATE TABLE IF NOT EXISTS `tbl_filter_link` (
  `lnk_id` smallint(5) NOT NULL AUTO_INCREMENT,
  `flt_id` smallint(5) NOT NULL,
  `val_id` smallint(5) NOT NULL,
  PRIMARY KEY (`lnk_id`)
) ENGINE=MyISAM  DEFAULT CHARSET=utf8 AUTO_INCREMENT=480 ;

--
-- Дамп данных таблицы `tbl_filter_link`
--

INSERT INTO `tbl_filter_link` (`lnk_id`, `flt_id`, `val_id`) VALUES
(1, 1, 1),
(2, 1, 2),
(3, 1, 3),
(4, 9, 4),
(5, 9, 5),
(6, 9, 6),
(7, 4, 7),
(8, 4, 8),
(9, 15, 9),
(10, 3, 10),
(11, 19, 11),
(12, 19, 12),
(13, 17, 13),
(14, 11, 14),
(15, 11, 15),
(16, 7, 16),
(17, 7, 17),
(18, 7, 18),
(19, 7, 19),
(20, 7, 20),
(21, 7, 21),
(22, 7, 22),
(23, 7, 23),
(24, 7, 24),
(25, 7, 25),
(26, 7, 26),
(27, 7, 27),
(28, 7, 28),
(29, 7, 29),
(30, 7, 30),
(31, 7, 31),
(32, 8, 32),
(33, 8, 33),
(34, 12, 34),
(35, 12, 35),
(36, 12, 36),
(37, 12, 37),
(38, 12, 38),
(39, 12, 39),
(40, 12, 40),
(41, 12, 41),
(42, 12, 42),
(43, 12, 43),
(44, 12, 44),
(45, 12, 45),
(46, 12, 46),
(47, 12, 47),
(48, 12, 48),
(49, 20, 49),
(50, 20, 50),
(51, 20, 51),
(52, 16, 52),
(53, 14, 53),
(54, 14, 54),
(55, 14, 55),
(56, 14, 56),
(57, 14, 57),
(58, 14, 58),
(59, 14, 59),
(60, 14, 60),
(61, 13, 61),
(62, 6, 62),
(63, 6, 63),
(64, 6, 64),
(65, 10, 65),
(66, 1, 66),
(67, 1, 67),
(68, 1, 68),
(69, 1, 69),
(70, 1, 70),
(71, 1, 71),
(72, 1, 72),
(73, 6, 73),
(74, 6, 74),
(75, 6, 75),
(76, 6, 76),
(77, 7, 77),
(78, 7, 78),
(79, 7, 79),
(80, 7, 25),
(81, 7, 81),
(82, 7, 82),
(83, 7, 83),
(84, 10, 84),
(85, 10, 85),
(86, 10, 86),
(87, 12, 87),
(88, 12, 88),
(89, 12, 89),
(90, 12, 90),
(91, 12, 91),
(92, 12, 92),
(93, 12, 93),
(94, 12, 94),
(95, 13, 95),
(96, 13, 96),
(97, 14, 97),
(98, 14, 98),
(99, 14, 99),
(100, 14, 100),
(101, 14, 101),
(102, 14, 102),
(103, 18, 103),
(104, 19, 104),
(105, 20, 105),
(106, 1, 106),
(107, 1, 107),
(108, 1, 108),
(109, 1, 109),
(110, 1, 110),
(111, 1, 111),
(112, 6, 112),
(113, 6, 113),
(114, 9, 114),
(115, 9, 115),
(116, 8, 116),
(117, 8, 117),
(118, 8, 118),
(119, 10, 119),
(120, 10, 120),
(121, 10, 121),
(122, 10, 122),
(123, 10, 123),
(124, 0, 124),
(125, 7, 124),
(126, 7, 126),
(127, 7, 127),
(128, 7, 128),
(129, 7, 129),
(130, 7, 130),
(131, 7, 131),
(132, 7, 132),
(133, 7, 133),
(134, 7, 134),
(135, 7, 135),
(136, 7, 136),
(137, 7, 137),
(138, 7, 138),
(139, 7, 139),
(140, 7, 140),
(141, 7, 141),
(142, 7, 142),
(143, 7, 143),
(144, 12, 144),
(145, 12, 145),
(146, 12, 146),
(147, 12, 147),
(148, 12, 148),
(149, 12, 149),
(150, 12, 150),
(151, 12, 151),
(152, 12, 152),
(153, 12, 153),
(154, 12, 154),
(155, 12, 155),
(156, 12, 156),
(157, 12, 157),
(158, 12, 158),
(159, 12, 159),
(160, 12, 160),
(161, 12, 161),
(162, 12, 162),
(163, 12, 163),
(164, 12, 164),
(165, 12, 165),
(166, 12, 166),
(167, 12, 167),
(168, 12, 168),
(169, 12, 169),
(170, 12, 170),
(171, 12, 171),
(172, 15, 172),
(173, 15, 173),
(174, 16, 174),
(175, 19, 175),
(176, 19, 176),
(177, 14, 177),
(178, 14, 178),
(179, 14, 179),
(180, 14, 180),
(181, 14, 181),
(182, 14, 182),
(183, 14, 183),
(184, 14, 184),
(185, 14, 185),
(186, 14, 186),
(187, 14, 187),
(188, 14, 188),
(189, 14, 189),
(190, 14, 190),
(191, 14, 191),
(192, 14, 192),
(193, 14, 193),
(194, 14, 194),
(195, 14, 195),
(196, 14, 196),
(197, 14, 197),
(198, 14, 198),
(199, 14, 199),
(200, 14, 200),
(201, 14, 201),
(202, 14, 202),
(203, 1, 203),
(204, 17, 15),
(205, 10, 205),
(206, 13, 206),
(207, 12, 207),
(208, 12, 208),
(209, 12, 209),
(210, 12, 210),
(211, 12, 211),
(212, 12, 212),
(213, 8, 213),
(214, 7, 214),
(215, 7, 215),
(216, 7, 216),
(217, 4, 217),
(218, 22, 15),
(219, 22, 14),
(220, 1, 220),
(221, 1, 221),
(222, 6, 222),
(223, 14, 223),
(225, 10, 225),
(226, 18, 226),
(227, 20, 227),
(228, 12, 228),
(229, 14, 229),
(230, 12, 230),
(231, 7, 231),
(232, 14, 232),
(233, 7, 233),
(234, 7, 233),
(235, 7, 235),
(236, 12, 236),
(237, 1, 237),
(238, 12, 238),
(239, 7, 239),
(240, 7, 240),
(241, 23, 241),
(242, 12, 242),
(339, 36, 339),
(338, 38, 338),
(245, 9, 245),
(246, 7, 246),
(247, 12, 245),
(248, 1, 248),
(249, 6, 249),
(250, 14, 250),
(251, 12, 251),
(252, 3, 252),
(253, 34, 50),
(254, 34, 254),
(255, 23, 255),
(336, 37, 336),
(335, 1, 335),
(258, 1, 258),
(259, 6, 259),
(260, 26, 260),
(261, 26, 261),
(262, 17, 262),
(263, 31, 7),
(264, 7, 264),
(265, 24, 265),
(266, 12, 266),
(267, 30, 267),
(268, 25, 268),
(269, 25, 269),
(270, 29, 270),
(271, 28, 271),
(272, 32, 272),
(273, 27, 262),
(274, 35, 274),
(337, 38, 121),
(276, 19, 276),
(277, 14, 277),
(278, 35, 278),
(279, 23, 279),
(280, 29, 280),
(281, 24, 281),
(282, 7, 282),
(283, 12, 283),
(284, 32, 7),
(285, 10, 285),
(286, 12, 286),
(287, 24, 287),
(288, 29, 288),
(289, 7, 289),
(290, 26, 290),
(291, 10, 285),
(292, 14, 292),
(293, 10, 291),
(294, 27, 15),
(295, 22, 295),
(296, 30, 49),
(297, 30, 297),
(298, 15, 298),
(299, 15, 299),
(300, 26, 300),
(301, 24, 301),
(302, 12, 302),
(303, 7, 303),
(304, 1, 304),
(305, 1, 305),
(306, 10, 306),
(307, 7, 307),
(308, 24, 308),
(309, 1, 309),
(310, 10, 310),
(311, 26, 311),
(312, 7, 312),
(313, 12, 313),
(314, 24, 314),
(315, 9, 315),
(316, 7, 316),
(317, 12, 317),
(318, 24, 318),
(319, 10, 319),
(320, 26, 320),
(321, 7, 321),
(322, 24, 322),
(323, 12, 323),
(324, 30, 324),
(325, 14, 325),
(340, 7, 340),
(334, 6, 334),
(328, 24, 328),
(329, 12, 329),
(330, 7, 330),
(331, 29, 331),
(332, 10, 332),
(333, 14, 333),
(341, 12, 341),
(342, 24, 342),
(343, 29, 343),
(344, 1, 344),
(345, 38, 122),
(346, 12, 346),
(347, 7, 347),
(348, 12, 348),
(349, 1, 349),
(350, 36, 350),
(351, 3, 351),
(352, 7, 352),
(353, 12, 353),
(354, 38, 354),
(355, 1, 355),
(356, 7, 356),
(357, 12, 357),
(358, 31, 358),
(359, 1, 359),
(360, 3, 360),
(361, 15, 361),
(362, 12, 362),
(363, 39, 363),
(364, 40, 364),
(365, 41, 365),
(366, 42, 366),
(367, 45, 367),
(368, 46, 368),
(369, 47, 369),
(370, 48, 370),
(371, 12, 371),
(372, 43, 7),
(373, 39, 373),
(374, 40, 374),
(375, 41, 375),
(376, 42, 376),
(377, 45, 377),
(378, 46, 378),
(379, 47, 13),
(380, 7, 380),
(381, 12, 381),
(382, 48, 382),
(383, 49, 383),
(384, 51, 384),
(385, 50, 7),
(386, 39, 386),
(387, 40, 387),
(388, 41, 388),
(389, 7, 389),
(390, 48, 390),
(391, 12, 391),
(392, 45, 392),
(393, 44, 393),
(394, 39, 394),
(395, 7, 395),
(396, 12, 396),
(397, 39, 397),
(398, 2, 398),
(399, 55, 399),
(400, 55, 400),
(401, 52, 401),
(402, 39, 402),
(403, 39, 403),
(404, 53, 404),
(405, 55, 405),
(406, 52, 406),
(407, 39, 2),
(408, 53, 0),
(409, 52, 409),
(410, 55, 410),
(414, 39, 414),
(412, 53, 0),
(413, 53, 0),
(415, 53, 415),
(416, 57, 416),
(417, 55, 417),
(418, 2, 418),
(419, 39, 203),
(420, 53, 420),
(421, 52, 421),
(422, 57, 422),
(423, 55, 423),
(424, 39, 305),
(425, 53, 226),
(426, 39, 426),
(427, 53, 350),
(428, 55, 428),
(429, 2, 429),
(450, 39, 450),
(431, 97, 431),
(432, 97, 432),
(433, 39, 433),
(434, 58, 434),
(435, 59, 435),
(436, 60, 436),
(437, 61, 437),
(438, 62, 254),
(439, 64, 439),
(440, 67, 50),
(471, 100, 471),
(442, 69, 50),
(443, 17, 443),
(449, 97, 449),
(445, 12, 445),
(446, 52, 446),
(447, 102, 447),
(448, 69, 254),
(451, 58, 451),
(452, 59, 452),
(453, 62, 50),
(454, 63, 454),
(455, 95, 455),
(456, 102, 456),
(457, 12, 457),
(458, 52, 458),
(459, 39, 66),
(460, 58, 460),
(461, 59, 461),
(462, 61, 462),
(463, 63, 463),
(464, 64, 464),
(465, 71, 465),
(466, 72, 466),
(467, 73, 466),
(468, 70, 468),
(469, 82, 469),
(470, 66, 470),
(472, 74, 472),
(473, 76, 473),
(474, 67, 254),
(475, 103, 475),
(476, 78, 476),
(477, 97, 477),
(478, 52, 478),
(479, 12, 477);

-- --------------------------------------------------------

--
-- Структура таблицы `tbl_filter_value`
--

CREATE TABLE IF NOT EXISTS `tbl_filter_value` (
  `val_id` smallint(5) NOT NULL AUTO_INCREMENT,
  `val_value` varchar(30) NOT NULL,
  PRIMARY KEY (`val_id`)
) ENGINE=MyISAM  DEFAULT CHARSET=utf8 AUTO_INCREMENT=480 ;

--
-- Дамп данных таблицы `tbl_filter_value`
--

INSERT INTO `tbl_filter_value` (`val_id`, `val_value`) VALUES
(1, 'Crosman'),
(2, 'Gamo'),
(3, 'Magtech'),
(4, 'Оптический'),
(5, 'Прицельная планка и мушка'),
(6, 'Целик и мушка'),
(7, 'Черный'),
(8, 'Коричневый'),
(9, 'Свинцовые пули'),
(10, '4,5 мм'),
(11, 'Перелом ствола'),
(12, 'Подствольный рычаг'),
(13, 'Металл'),
(14, 'Дерево'),
(15, 'Пластик'),
(16, '2,5 кг'),
(17, '2,85 кг'),
(18, '2,8 кг'),
(19, '2,9 кг'),
(20, '3,0 кг'),
(21, '3,1 кг'),
(22, '3,12 кг'),
(23, '3,2 кг'),
(24, '3,28 кг'),
(25, '3,3 кг'),
(26, '3,38 кг'),
(27, '3,5 кг'),
(28, '3,6 кг'),
(29, '3,8 кг'),
(30, '4,0 кг'),
(31, '4,15 кг'),
(32, '3 - 9x'),
(33, '4x32'),
(34, '1070 мм'),
(35, '1090 мм'),
(36, '1092 мм'),
(37, '1100 мм'),
(38, '1110 мм'),
(39, '1115 мм'),
(40, '1130 мм'),
(41, '1143 мм'),
(42, '1150 мм'),
(43, '1160 мм'),
(44, '1165 мм'),
(45, '1170 мм'),
(46, '1180 мм'),
(47, '1190 мм'),
(48, '1220 мм'),
(49, 'Автоматический'),
(50, 'Есть'),
(51, 'Ручной'),
(52, 'Газовая пружина'),
(53, '280 м/с'),
(54, '305 м/с'),
(55, '320 м/с'),
(56, '350 м/с'),
(57, '365 м/с'),
(58, '366 м/с'),
(59, '380 м/с'),
(60, '400 м/с'),
(61, 'Пружинно-поршневая'),
(62, 'Бразилия'),
(63, 'Испания'),
(64, 'США'),
(65, '1'),
(66, 'BSA'),
(67, 'FX'),
(68, 'Gunpower'),
(69, 'KalibrGun'),
(70, 'Norica'),
(71, 'STEYR'),
(72, 'Weihrauch'),
(73, 'Великобритания'),
(74, 'Германия'),
(75, 'Чехия'),
(76, 'Швеция'),
(77, '2,3 кг'),
(78, '2,4 кг'),
(79, '3,25 кг'),
(80, '3,3 кг'),
(81, '3,4 кг'),
(82, '3,9 кг'),
(83, '4,6 кг'),
(84, '10'),
(85, '14'),
(86, '16'),
(87, '1050 мм'),
(88, '1080 мм'),
(89, '620 мм'),
(90, '840 мм'),
(91, '970 мм'),
(92, '975 мм'),
(93, '980 мм'),
(94, '990 мм'),
(95, 'Компрессионная'),
(96, 'Мультикомпрессионная'),
(97, '275 м/с'),
(98, '285 м/с'),
(99, '300 м/с'),
(100, '325 м/с'),
(101, '330 м/с'),
(102, '335 м/с'),
(103, 'Сжатый воздух'),
(104, 'Затвор'),
(105, 'Отсутствует'),
(106, 'Borwning'),
(107, 'Cometa'),
(108, 'Diana'),
(109, 'Hatsan'),
(110, 'Stoeger'),
(111, 'ИЖ'),
(112, 'Россия'),
(113, 'Турция'),
(114, 'Диоптрический'),
(115, 'Коллиматорный'),
(116, '4 - 20x'),
(117, '4x'),
(118, '4x15'),
(119, '18'),
(120, '21'),
(121, '5'),
(122, '8'),
(123, '700'),
(124, '1,25 кг'),
(125, '1,25 кг'),
(126, '1,31 кг'),
(127, '1,4 кг'),
(128, '1,98 кг'),
(129, '1,67 кг'),
(130, '2,0 кг'),
(131, '2,1 кг'),
(132, '2,23 кг'),
(133, '2,49 кг'),
(134, '2,6 кг'),
(135, '2,7 кг'),
(136, '2,73 кг'),
(137, '2,77 кг'),
(138, '2,95 кг'),
(139, '3,7 кг'),
(140, '4,1 кг'),
(141, '4,2 кг'),
(142, '4,3 кг'),
(143, '4,58 кг'),
(144, '1020 мм'),
(145, '1030 мм'),
(146, '1040 мм'),
(147, '1060 мм'),
(148, '1085 мм'),
(149, '1112 мм'),
(150, '1114 мм'),
(151, '1120 мм'),
(152, '1125 мм'),
(153, '1140 мм'),
(154, '1155 мм'),
(155, '1163 мм'),
(156, '1195 мм'),
(157, '1210 мм'),
(158, '1230 мм'),
(159, '1232 мм'),
(160, '1270 мм'),
(161, '650 мм'),
(162, '775 мм'),
(163, '845 мм'),
(164, '889 мм'),
(165, '900 мм'),
(166, '921 мм'),
(167, '927 мм'),
(168, '930 мм'),
(169, '933 мм'),
(170, '940 мм'),
(171, '977 мм'),
(172, 'Шарики'),
(173, 'Шарики и свинцовые пули'),
(174, 'Витая пружина'),
(175, 'Скоба Генри'),
(176, 'Электромеханический'),
(177, '100 м/с'),
(178, '130 м/с'),
(179, '137 м/с'),
(180, '150 м/с'),
(181, '160 м/с'),
(182, '170 м/с'),
(183, '175 м/с'),
(184, '180 м/с'),
(185, '190 м/с'),
(186, '191 м/с'),
(187, '195 м/с'),
(188, '200 м/с'),
(189, '207 м/с'),
(190, '220 м/с'),
(191, '230 м/с'),
(192, '240 м/с'),
(193, '245 м/с'),
(194, '250 м/с'),
(195, '260 м/с'),
(196, '265 м/с'),
(197, '290 м/с'),
(198, '312 м/с'),
(199, '315 м/с'),
(200, '340 м/с'),
(201, '360 м/с'),
(202, '427 м/с'),
(203, 'UMAREX'),
(204, 'Пластик'),
(205, '12'),
(206, 'Газобалонная CO2'),
(207, '570 мм'),
(208, '591 мм'),
(209, '780 мм'),
(210, '838 мм'),
(211, '863 мм'),
(212, '937 мм'),
(213, '6 - 42x'),
(214, '1,05 кг'),
(215, '1,61 кг'),
(216, '1,635 кг'),
(217, 'Бежевый'),
(218, 'Пластик'),
(219, 'Дерево'),
(220, 'Ducky'),
(221, 'Ducky2'),
(222, 'Украина'),
(223, '355 м/с'),
(225, '41'),
(226, 'Баллон СО2'),
(227, 'Неавтоматический'),
(228, '1010 мм'),
(229, '183 м/с'),
(230, '346 мм'),
(231, '0,91 кг'),
(232, '120 м/с'),
(241, 'Стальной нарезной'),
(240, '1,2 кг'),
(235, '0,88 кг'),
(236, '275 мм'),
(237, 'Zoraki'),
(238, '300 мм'),
(239, '1,1 кг'),
(242, '330 мм'),
(243, 'Оптоволоконная мушка и регулир'),
(244, 'Оптоволоконная мушка и регулир'),
(267, 'Полуавтоматический'),
(246, '1,56 кг'),
(247, '406 мм'),
(248, 'E-XTRA'),
(249, 'Китай'),
(250, '105 м/с'),
(251, '350 мм'),
(252, '4 мм'),
(253, 'Есть'),
(254, 'Нет'),
(255, 'Латунный гладкий'),
(335, 'ASG'),
(334, 'Дания'),
(258, 'KWC'),
(259, 'Тайвань'),
(260, '80-100'),
(261, '60-80'),
(262, 'Сплав'),
(263, 'Черный'),
(264, '0,79 кг'),
(265, '89 мм'),
(266, '158 мм'),
(268, '11 мм'),
(269, '22 мм'),
(270, '2,5 Дж'),
(271, 'Нерегулируемый'),
(272, 'Коричневый'),
(273, 'Сплав'),
(274, 'Неподвижная'),
(275, 'Пистолет, ключ для поджатия ба'),
(276, 'Двойного действия'),
(277, '125 м/с'),
(278, 'Подвижная'),
(279, 'Стальной гладкий'),
(280, '3 Дж'),
(281, '116 мм'),
(282, '0,98 кг'),
(283, '203 мм'),
(284, 'Черный'),
(292, '146.3 м/с'),
(286, '171.5 мм'),
(287, '135 мм'),
(288, '3.5 Дж'),
(289, '0,5 кг'),
(290, '100 и более'),
(291, '19'),
(293, '19'),
(294, 'Пластик'),
(295, 'Резина'),
(296, 'Автоматический'),
(297, 'Одиночный'),
(298, 'Патрон Флобера'),
(299, 'Шумовые патроны'),
(300, '80'),
(301, '96 мм'),
(302, '190 мм'),
(303, '0,6 кг'),
(304, 'SAS'),
(305, 'Borner'),
(306, '15'),
(307, '0,35 кг'),
(308, '110 мм'),
(309, 'Gletcher'),
(310, '22'),
(311, '70'),
(312, '1,04 кг'),
(313, '220 мм'),
(314, '105 мм'),
(315, 'Регулируемый целик и мушка'),
(316, '0,9 кг'),
(317, '212 мм'),
(318, '102 мм'),
(319, '25'),
(320, '50'),
(321, '2,2 кг'),
(322, '165 мм'),
(323, '615 мм'),
(324, 'Одиночный, Автоматический'),
(325, '110 м/с'),
(336, 'Стальной'),
(327, 'Дания'),
(328, '92,5 мм'),
(329, '185 мм'),
(330, '0,595 кг'),
(331, '2,7 Дж'),
(332, '17'),
(333, '116 м/с'),
(337, '5'),
(338, '9'),
(339, 'Револьвер под патрон Флобера'),
(340, '0,71 кг'),
(341, '186 мм'),
(342, '63 мм'),
(343, '7,5 Дж'),
(344, 'Ekol'),
(345, '8'),
(346, '175 мм'),
(347, '0,8 кг'),
(348, '200 мм'),
(349, 'Сафари'),
(350, 'Сигнальный патрон'),
(351, '9 мм'),
(352, '0,57 кг'),
(353, '162 мм'),
(354, '7'),
(355, 'Шмайсер'),
(356, '0,56 кг'),
(357, '160 мм'),
(358, 'Хромированный'),
(359, 'Молот'),
(360, '5,6 мм'),
(361, 'Капсюль Жевело'),
(362, '235 мм'),
(363, 'Ka-Bar'),
(364, 'Не складной'),
(365, 'Танто'),
(366, 'Комбинированное лезвие'),
(367, '1095'),
(368, '56-58 HRC'),
(369, 'Kraton'),
(370, '133 мм'),
(371, '238 мм'),
(372, 'Черный'),
(373, 'SOG'),
(374, 'Метательный'),
(375, 'Копьевидное'),
(376, 'Гладкое лезвие'),
(377, '420'),
(378, '51-53 HRC'),
(379, 'Металл'),
(380, '0,188 кг'),
(381, '241 мм'),
(382, '25 мм'),
(383, 'Nylon'),
(384, '3,8 мм'),
(385, 'Черный'),
(386, 'CRKT'),
(387, 'Складной'),
(388, 'Пониженное острие'),
(389, '0,085 кг'),
(390, '60 мм'),
(391, '98 мм'),
(392, 'AUS-8'),
(393, 'Liner Lock'),
(394, 'Gerber'),
(395, '0,068 кг'),
(396, '170 мм'),
(397, 'RWS'),
(398, 'RWS Flobert 4mm lang'),
(399, '100 шт'),
(400, '200 шт'),
(401, '0,5 г'),
(402, 'Sellier & Bellot'),
(403, 'Шершень'),
(404, 'Свинцовая пуля'),
(405, '600 шт'),
(406, '0,28 г'),
(407, 'GAMO'),
(408, 'свинцовая пуля со стальным сер'),
(409, '0,6 г'),
(410, '150 шт'),
(414, 'H&N'),
(412, 'свинцовая пуля со стальным сер'),
(413, 'Свинцовая пуля со стальным сер'),
(415, 'Свинцовый шарик'),
(416, 'Медь'),
(417, '500 шт'),
(418, 'Rundkugel'),
(419, 'UMAREX'),
(420, 'Стальной шарик'),
(421, '0,2 г'),
(422, 'Никель'),
(423, '1500 шт'),
(424, 'Borner'),
(425, 'Баллон СО2'),
(426, 'Ozkursan'),
(427, 'Сигнальный'),
(428, '50 шт'),
(429, 'Baracuda Hunter Extreme'),
(449, 'Водонепроницаемый'),
(431, 'Ударопрочный'),
(432, 'Пылевлагозащищенный'),
(433, 'Tasco'),
(434, '9 х'),
(435, '3 х'),
(436, '50 мм'),
(437, '25,4 мм'),
(438, 'Нет'),
(439, 'Дальномерная'),
(440, 'Есть'),
(471, '40/40'),
(442, 'Есть'),
(443, 'Алюминиевый сплав'),
(444, 'Водонепроницаемый'),
(445, '310 мм'),
(446, '420 г'),
(447, '32 мм'),
(448, 'Нет'),
(450, 'Bushnell'),
(451, '12 х'),
(452, '4 х'),
(453, 'Есть'),
(454, 'Зеленый, Красный'),
(455, 'CR2032'),
(456, '36 мм'),
(457, '318 мм'),
(458, '540 г'),
(459, 'BSA'),
(460, '10 х'),
(461, '2,5 х'),
(462, '30 мм'),
(463, 'Красный'),
(464, 'Крест'),
(465, '+/- 2 дптр'),
(466, '5 мм'),
(467, '5 мм'),
(468, '76 мм'),
(469, '90 %'),
(470, '0,75 см (1/4 МОА)'),
(472, '9,2 м'),
(473, '2,3 м'),
(474, 'Нет'),
(475, 'от 91,44 м до ∞'),
(476, 'Азот'),
(477, '320 мм'),
(478, '510 г'),
(479, '320 мм');

-- --------------------------------------------------------

--
-- Структура таблицы `tbl_order`
--

CREATE TABLE IF NOT EXISTS `tbl_order` (
  `od_id` int(10) unsigned NOT NULL AUTO_INCREMENT,
  `od_date` datetime DEFAULT NULL,
  `od_last_update` datetime NOT NULL DEFAULT '0000-00-00 00:00:00',
  `od_status` enum('New','Paid','Shipped','Completed','Cancelled') NOT NULL DEFAULT 'New',
  `od_memo` varchar(255) NOT NULL DEFAULT '',
  `od_shipping_first_name` varchar(50) NOT NULL DEFAULT '',
  `od_shipping_address1` varchar(100) NOT NULL DEFAULT '',
  `od_shipping_phone` varchar(32) NOT NULL DEFAULT '',
  `od_shipping_city` varchar(100) NOT NULL DEFAULT '',
  `od_shipping_cost` decimal(5,2) DEFAULT '0.00',
  `od_user_id` int(4) NOT NULL,
  `od_shipping` varchar(4) NOT NULL,
  PRIMARY KEY (`od_id`)
) ENGINE=MyISAM  DEFAULT CHARSET=utf8 AUTO_INCREMENT=3 ;

--
-- Дамп данных таблицы `tbl_order`
--

INSERT INTO `tbl_order` (`od_id`, `od_date`, `od_last_update`, `od_status`, `od_memo`, `od_shipping_first_name`, `od_shipping_address1`, `od_shipping_phone`, `od_shipping_city`, `od_shipping_cost`, `od_user_id`, `od_shipping`) VALUES
(1, '2014-05-11 20:27:03', '2014-05-11 20:27:03', 'New', 'Asfas@sdfaasdf.rr', 'Asdfasdf', '', '545454545151', 'Sdafasdf', '5.00', 0, 'cod'),
(2, '2014-05-31 21:41:52', '2014-05-31 21:41:52', 'New', 'Chaos.laert@gmail.com', 'Артем Петренко', '', '0509221571', 'Днепропетровск', '5.00', 15, 'cod');

-- --------------------------------------------------------

--
-- Структура таблицы `tbl_order_item`
--

CREATE TABLE IF NOT EXISTS `tbl_order_item` (
  `od_id` int(10) unsigned NOT NULL DEFAULT '0',
  `pd_id` int(10) unsigned NOT NULL DEFAULT '0',
  `od_qty` int(10) unsigned NOT NULL DEFAULT '0',
  PRIMARY KEY (`od_id`,`od_qty`)
) ENGINE=MyISAM DEFAULT CHARSET=utf8;

--
-- Дамп данных таблицы `tbl_order_item`
--

INSERT INTO `tbl_order_item` (`od_id`, `pd_id`, `od_qty`) VALUES
(1, 8, 1),
(2, 5, 1);

-- --------------------------------------------------------

--
-- Структура таблицы `tbl_product`
--

CREATE TABLE IF NOT EXISTS `tbl_product` (
  `pd_id` int(10) unsigned NOT NULL AUTO_INCREMENT,
  `cat_id` int(10) unsigned NOT NULL DEFAULT '0',
  `pd_name` varchar(100) NOT NULL DEFAULT '',
  `pd_description` text NOT NULL,
  `pd_price` decimal(9,2) NOT NULL DEFAULT '0.00',
  `pd_qty` smallint(5) unsigned NOT NULL DEFAULT '0',
  `pd_image` varchar(200) DEFAULT NULL,
  `pd_thumbnail` varchar(200) DEFAULT NULL,
  `pd_img_dir` varchar(200) DEFAULT NULL,
  `pd_img_cnt` int(10) NOT NULL,
  `pd_date` datetime NOT NULL DEFAULT '0000-00-00 00:00:00',
  `pd_last_update` datetime NOT NULL DEFAULT '0000-00-00 00:00:00',
  PRIMARY KEY (`pd_id`),
  KEY `cat_id` (`cat_id`),
  KEY `pd_name` (`pd_name`)
) ENGINE=MyISAM  DEFAULT CHARSET=utf8 AUTO_INCREMENT=67 ;

--
-- Дамп данных таблицы `tbl_product`
--

INSERT INTO `tbl_product` (`pd_id`, `cat_id`, `pd_name`, `pd_description`, `pd_price`, `pd_qty`, `pd_image`, `pd_thumbnail`, `pd_img_dir`, `pd_img_cnt`, `pd_date`, `pd_last_update`) VALUES
(2, 21, 'Ducky Shine 3 Tuhaojin', 'Эксклюзив 2014-го года - выпущено всего 999 штук!', '250.00', 0, 'e19bb3856738b80ac3c8873232cce6ac.jpg', 'a16d1fdb378db3dc3cc2f0564e045adc.jpg', 'tuhaojin', 8, '2014-02-26 13:54:17', '0000-00-00 00:00:00'),
(3, 21, 'Ducky Shine 3 DK9008', 'Топовая модель линейки с регулируемым уровнем и цветом подсветки.', '149.00', 2, '2c975665f88c971cbdd5230783f1bc07.jpg', '8ea5826da6baf7475a4efc1ea856d19f.jpg', 'DK9008', 13, '2014-02-26 13:54:59', '0000-00-00 00:00:00'),
(4, 19, 'Ducky Wrist Rest', 'Полноразмерная подставка под ладони. Сделана из натуральной кожи.', '25.00', 1, 'ad503b30c4033b70124ec3c15c01aec7.jpg', '2bcd838cd73a3b71f9a71c617fb97341.jpg', 'access', 4, '2014-02-26 15:35:00', '0000-00-00 00:00:00'),
(5, 21, 'Ducky Shine 3 DK9087', 'Топовая модель линейки с регулируемым уровнем и цветом подсветки. Без цифрового блока.', '131.00', 0, '79258f83428cb4650bee754ff5903f9a.jpg', '888f7b91e7eff8052704c59191ad3253.jpg', 'DK9087', 6, '2014-02-26 16:44:53', '0000-00-00 00:00:00'),
(6, 21, 'Ducky Zero DK2108S', 'Высокое качество по доступной цене! Теперь с подсветкой.', '131.00', 5, '02bcf6e7c545436ae98cdb0c4f927c8b.jpg', '59b5fdae81cba8084d74c9a3594b0b7a.jpg', 'DK2108S', 8, '2014-02-26 16:46:40', '0000-00-00 00:00:00'),
(7, 21, 'Ducky Zero DK2108', 'Высокое качество по доступной цене!', '107.00', 8, '89d111b3e26c1eff09c05f388e1e9ed8.jpg', '9bcf0554a8c6ccb3eb283d38f4fb74f4.jpg', 'DK2108', 7, '2014-02-26 16:48:05', '0000-00-00 00:00:00'),
(8, 21, 'Ducky Zero DK2087', 'Высокое качество по доступной цене!  Без цифрового блока.', '101.00', 0, 'f2bcb880208c13f7e795976ab00f8973.jpg', '38a55fdd152d721f385094766aabe5e4.jpg', 'DK2087', 7, '2014-02-26 16:48:48', '0000-00-00 00:00:00'),
(9, 25, 'Crosman Trail NP XL 1500', 'Benjamin Trail NP XL 1500 топовая винтовка переломного типа от Crossman. Винтовка резко выделяется среди других переломок так как имеет массивный надульник, пистолетную рукоять и массивную планку для крепления оптики. Trail NP XL 1500 относится к винтовкам магнум класса и имеет большую начальную скорость пули, при этом отдача у данной модели не столь велика как у ее собратьев с витой пружиной.  Ложе качественно отделано, имеет щеку Монте-Карло и рассчитано как на правшу, так и левшу, затыльник вентилируемый. На винтовке предусмотрено крепление для наплечного ремня, который входит в комплект поставки. Также в комплект поставки входит прицел с переменной кратностью Center-Point 3-9x40.', '474.00', 1, 'd253df2216e6cf48a11912126f1cd3da.jpg', 'ff7d0b40f44ab13baa8fc5ae179eee05.jpg', NULL, 0, '2014-06-06 10:20:23', '0000-00-00 00:00:00'),
(10, 25, 'MAGTECH N2 EXTREME 1300', 'Пружинно-поршневая', '406.25', 1, '2696da17a91b16884d3f2881af38255d.jpg', '2c1c51f12aa3c595bec36cd9af13c586.jpg', NULL, 0, '2014-06-06 11:03:24', '0000-00-00 00:00:00'),
(12, 26, 'Hatsan AT44-10 Long', 'Удлиненная версия проверенного временем Hatsan AT44-10, в Longверсии винтовки удлинен ствол, увеличен объем резервуара на 50 кубиков, дульная энергия по сравнению со стандартной Hatsan AT 44 возросла на 6дж(30м/с). По всем параметрам Hatsan AT44-10 Long близок к серии винтовок Hatsan BT, которая является дальнейшим развитием серии PCP винтовок Hatsan. Универсальная планка на 11 и 22 мм.', '586.00', 1, 'd864bf8e23434b56eb527f856541cb3b.jpg', '4e3b31d65fcb04f05fae6cd77a8065c6.jpg', NULL, 0, '2014-06-10 11:15:42', '0000-00-00 00:00:00'),
(11, 25, 'GAMO CFR WHISPER IGT', 'Мощная пневматическая винтовка со стильным тактическим дизайном. Начальная скорость пули составляет 305 м/с, чего вполне достаточно для спортивной, развлекательной и целевой стрельбы.\r\nВинтовка Gamo CFR Whisper IGT имеет фиксированный, стальной, нарезной ствол. Взвод производится подствольным рычагом. В качестве прицельного механизма выступает прицельная планка и мушка с фибергласовыми нитям. Так же, винтовка укомплектована наствольным компенсатором для обеспечения стабильной и точной стрельбы.', '431.70', 1, '54c63241b23d1daf51927110ae52e3e7.jpg', '8af8b4aceaadb34ea1fdc6d1a67b2651.jpg', NULL, 0, '2014-06-06 11:24:17', '0000-00-00 00:00:00'),
(13, 26, 'Crosman Benjamin', 'невматическая винтовка Crosman PCP BP1K77GP Benjamin Discovery – идеальное решение для подарка, периодической развлекательной стрельбы или для начинающих метких стрелков. Винтовка отлично сбалансирована и по размерам подойдет как взрослому мужчине так и среднему ребенку.\r\n\r\nВыстрел происходит за счет сжатого газа, закачанного в специальный резервуар под высоким давлением. Такой способ действия обеспечивает не только высокую мощность винтовки, но и потрясающую точность выстрела. Зарядка резервуара воздухом или СО2 происходит при помощи насоса, хватает ее примерно на 40 выстрелов.\r\n\r\nВысокая точность винтовки позволяет практиковаться в стрельбе на дистанциях вплоть до 90 метров.\r\n\r\nВинтовка поставляется в комплекте с насосом высокого давления.', '602.80', 1, '7fd5346352797e86732796623ce0a374.jpg', 'fe98e7c289b4e48925fc5a3a56dc5684.jpg', NULL, 0, '2014-06-11 08:21:27', '0000-00-00 00:00:00'),
(14, 26, 'STEYR MATCH LG-110 AUFGELEGT', 'С этим оружием Вы тоже установите свои все нынешние рекорды!\r\n\r\nРазработано стрелками спортсменами для самих спортсменов и собирается вручную - STEYR LG 110 MATCH можно по праву назвать как - новое измерение матчевых винтовок. Эта же винтовка обладает все тем, в чем нуждается стрелок на рубеже и на соревнованиях: превосходная прикладка, настройка под индивидуальные требования в считанные секунды и безукоризненная точность! \r\n\r\nХарактерные отличия:\r\n\r\n- Конструкция, исключающая внутренние вибрации\r\n- Автоматический оригинальный стабилизатор STEYR устраняет подскок ствола во время выстрела\r\n- Революционная возможность бокового смещения приклада\r\n-Возможность тренировки вхолостую: в любой момент и без вспомогательных инструментов\r\n-Поворот рукоятки во многих плоскостях\r\n-В секунды комфортно настраиваемый спусковой механизм\r\n-Бесступенчато настраиваемый триммер приклада\r\n-Примерно 450 выстрелов (7,5 Дж. Макс.) - нет равных в своем роде\r\n-Уже в серийной комплектации:\r\nгрузы на стволе и ложе, возможность наращивания высоты положения прицельных приспособлений', '3586.00', 1, '67c36ebb27405fff1a1da05d5f3b7d56.jpg', '030e2a1de00ddc5e265629b6a7451c63.jpg', NULL, 0, '2014-06-11 09:00:29', '0000-00-00 00:00:00'),
(17, 27, 'Weihrauch HW 98', 'Винтовка произведена в Германии, это уже о многом говорит, да еще и не малоизвестной компанией Weihrauch.  Стволы этой компании на столько точные, что даже другие производители их устанавливают в свою продукцию.\r\n  Винтовка позиционируется как спортивная. Для удобства стрельбы можно отрегулировать щеку на прикладе и затыльник. Ложе изготовлено из качественного дерева идеально ложится в руку, а на нижней части специальное шероховатое покрытие, чтобы обеспечить крепкий хват. Скорость вылета пули составляет 290 м/с, а энергия 20 Дж.. Нарезной ствол изготовлен из оружейной стали и имеет 12 нарезов по часовой стрелке. После выстрела на свинцовой пуле остаются ярко выраженные нарезы. Для выстрела необходимо переловить ствол и зарядить свинцовую пулю 4,5 мм. Перед стрельбой необходимо снять предохранитель на который винтовка ставится автоматически во время взвода. Хорошая особенность это регулируемый спуск крючка. При желании, можно установить оптический прицел на ласточкин хвост 11 мм.', '722.40', 1, '43563075735babf1ffa130c603ed9379.jpg', '3e417f2c1906536008734258753a352b.jpg', NULL, 0, '2014-06-11 10:28:50', '0000-00-00 00:00:00'),
(16, 27, 'STOEGER X50 WOOD STOCK COMBO С ПРИЦЕЛОМ 3-9Х40', 'Ложе винтовки Stoeger Х50  имеет насечки на рукоятке и цевье для лучшего удержания оружия при стрельбе, "щеку" на прикладе и резиновый затыльник - для удобной и комфортной стрельбы.\r\nВинтовка является аналогом испанской Gamo Hunter 440, однако выполнена на более высоком уровне и с большим количеством стальных деталей.\r\n Ствол длиной 50 см имеет 12 правосторонних нарезов, в конце ствола чок для стабилизации пули. В казеной части ствола установлено уплотнительное кольцо, обеспечивающую герметизацию узла компрессор-ствол в момент выстрела.\r\nНа конце ствола одет надульник, защищающий переднюю фаску и облегчающий перезаряжание. Открытые прицельные приспособления снабжены цветными вставками — красной в мушке и зелеными в целике. Мушка закрыта намушником, предохраняющим от случайных ударов. Диаметр мушки и ширина прорези грамотно подобраны, прицеливание очень удобное и комфортное.\r\nНа компрессоре отфрезерованы пазы «ласточкин хвост» для крепления оптики', '299.00', 1, '0fb1dce97e50174a2c8f586e0fbcf0c1.jpg', '5ff93333fec978edd39627892db273c1.jpg', NULL, 0, '2014-06-11 09:35:36', '0000-00-00 00:00:00'),
(18, 27, 'NORICA STORM 4.5', 'Винтовка Storm является самой мощной среди остальных членов семейства Norica. На стволе имеется надульник-утяжелитель, повышающий точность выстрела. Прицельные приспособления подсвечены двухцветными фибергласовыми вставками. Деревянное ложе имеет насечку в шотландском стиле. На прикладе «Монте Карло» установлен толстый эластичный амортизатор. На мушке установлена стальная защитная втулка. Предохранитель – автоматический, расположенный перед спусковым крючком.', '353.00', 1, '50e8729a036d11485c2b8f3546b56e5a.jpg', '320e59d059c1a0145ef98265df1f0849.jpg', NULL, 0, '2014-06-11 10:57:41', '0000-00-00 00:00:00'),
(20, 28, 'Crosman M4', '   Пневматическая винтовка Crosman M 417 - мультикомпрессионная винтовка (накачивается подствольным рычагом) способная стрелять как стальными шариками ВВ, так и свинцовыми пульками. Стальной нарезной ствол позволяет вести стрельбу с высокой точностью. Перезарядка болтового типа. Винтовка имеет 5-и зарядный магазин для свинцовых пулек и резервуар на 350 шариков ВВ. Корпус изготовлен из прочной пластмассы.', '79.40', 1, 'ce7bbc78f78caecc86d0e92ca84a063e.jpg', '0d4bf5d0b609219824fee018d3a1c032.jpg', NULL, 0, '2014-06-11 11:51:52', '0000-00-00 00:00:00'),
(21, 28, 'МР5 К-PDW', '5.8159 АВТОМАТ МР5 К-PDW', '191.25', 1, 'dd3dbffc5fcdfa8c05fa769a2add5b9a.jpg', 'ab1064dbc1917bff75fc5291c855b30f.jpg', NULL, 0, '2014-06-11 12:20:22', '0000-00-00 00:00:00'),
(22, 28, 'Crosman"Classic" 2100B', 'Лёгкая мультикомпрессионная винтовка (т.е. выстрел происходит за счёт воздуха, предварительно накачанного рычагом, который находится под стволом).\r\nКоличество качков - от 3 (~130 м/с) до 10 (230 м/с).\r\nПрицельная планка регулируется по вертикали (ступенчато) и горизонтали. Снабжена не автоматическим предохранителем.', '111.60', 1, '31e3ae029357bc663b9dfa65f2e449f8.jpg', 'b674d94325e8504a46781d80f2eadfd4.jpg', NULL, 0, '2014-06-11 12:30:43', '0000-00-00 00:00:00'),
(23, 30, 'Crosman American Classic 1377С', 'Пневматический пистолет Crosman 1377C American Classic калибра 4,5 мм с пластиковой рукоятью. Имеет нарезной стальной ствол и регулируемый механизм наводки прицела. Заряд пистолета происходит благодаря рычагу закрепленному под стволом ,путем накачки воздуха в резервуар, от количества качков напрямую зависит сила выстрела\r\n  Пневматические пистолеты фирмы Crosman - довольно популярны благодаря своей неприхотливости и низким ценам. Crosman является крупным производителем пневматического оружия в США и аксессуаров к нему.', '76.00', 1, 'f81442e61d43d5ade26e27eabf4967c1.jpg', '76856d1cbcf30f41b8e256558173645d.jpg', NULL, 0, '2014-06-11 15:08:58', '0000-00-00 00:00:00'),
(24, 30, 'GAMO PR-45', 'Испанский пневматический пистолет мультикомпрессионного типа. Функционирует он по следующей схеме: воздух накачивается в резервуар рычагом, который расположен под стволом. За счет его резкого выпуска производится выстрел. Желательно в заряженном состоянии вручную устанавливать предохранитель. Ствол пистолета из стали. Не забывайте, что любое оружие требует соблюдения повышенных требований безопасности. Защелка модели усовершенствована – выполнена по затворному принципу, что минимизирует шансы случайного повреждения руки стрелка.', '186.60', 1, '9e46cfb66fcb725806f3261d2606b8c0.jpg', '87792132c64edaeb90a2ab36d39de4a9.jpg', NULL, 0, '2014-06-11 16:31:17', '0000-00-00 00:00:00'),
(25, 30, 'Zoraki HP-01 Light', 'Пистолет Zoraki HP-01 относится к классу мульти-компрессионных пневматических пистолетов. То есть выстрел осуществляется за счет сжатого воздуха, который закачивается в резервуар пистолета посредством мускульной силы стрелка. Количество закачек воздуха напрямую влияет на мощность пистолета, то есть сделав одну закачку, стрелок получает минимальную скорость (120 м/с), а при дальнейшем закачивании - максимальную. Запаса воздуха хватает только на один выстрел.\r\nПистолет полностью автономен и не требует никаких запасных пружин, баллонов и т.д., посему не ограничен в использовании.\r\nКонструкция максимально проста и в то же время прочна и долговечна.\r\nЕще одним неоспоримым плюсом является отсутствие отдачи, потому пистолет может свободно доукомплектовываться прицелом и различными аксессуарами.\r\nСпуск регулируется по длине и усилию, что позволяет наилучшим образом настроить пистолет под стрелка.\r\nТаким образом, HP-01 - мощный, надежный и простой в использовании пистолет, который идеально подойдет как для развлекательных целей, так и для уничтожения вредителей на дачном участке.', '304.00', 1, 'f855a7ad3bc93940f7a8e4b71794a9a7.jpg', '074f84f23ee92bfc61d11ea654554d48.jpg', NULL, 0, '2014-06-11 16:49:37', '0000-00-00 00:00:00'),
(26, 31, 'EXTRA XT-S3', 'Принцип действия пистолета основан на системе пружинно-поршневой пневматики. В общих чертах – это весьма надежный и простой пистолет, создан специально для развлекательной и спортивной стрельбы. Ствол нарезной, его основа изготовлена из оружейной стали. E-Xtra XT-S3 имеет достаточно увесистую конструкцию (1,2 кг). В связи с этим, для точной стрельбы пользователь должен иметь хорошую предварительную подготовку. Оружие стреляет одним зарядом, после которого требуется перезарядка. Заряд пулей в ствол осуществляется путем перелома ствола. Чтобы владельцу было лучше целиться, производитель продумал специальные открытые прицельные приспособления, а именно – с использованием фибероптических нитей. Конструкция пистолета позволяет установить дополнительный оптический или коллиматорный прицел. Оружие выстреливает свинцовыми пулями, которые имеют начальную скорость 100 м/с. Внешние формы идеально подходят для комфортного удерживания. Помимо развлекательных целей пневматический пистолет E-Xtra XT-S3 может служить отличной защитой, которая не требует специального разрешения на использование.', '43.08', 1, 'de5bdccfb0393c1969c8dbdb8e473fc1.jpg', '5a183667165530f093b7c47cc40400c2.jpg', NULL, 0, '2014-06-12 08:42:18', '0000-00-00 00:00:00'),
(27, 31, 'CROSMAN 177 TRAIL NP', 'Benjamin is revolutionizing airgun pistols with the Trail NP Break Barrel Pistol! Powered with the same Nitro Piston® technology found in the Trail series rifles, this pistol includes a rifled steel barrel, tactical synthetic frame, fiber optic front sight and adjustable rear sight. Includes a cocking aid to enhance the appearance and make it easy to load the next round.', '145.80', 1, 'c4d7c9f7a08deb41ae11b12bda22ab29.jpg', 'ddcfe29b6ca1a8a4d67790f2bb5401af.jpg', NULL, 0, '2014-06-12 09:09:51', '0000-00-00 00:00:00'),
(28, 31, 'MAGTECH 350 synthetic blue', 'Пневматический пистолет MAGTECH 350 кал. 4.5 мм synthetic blue изготовлен из очень качественных материалов. В данном пистолете используют прицельный механизм с фибероптическими вставками, что упрощает процесс прицеливания. Этот пневматический пистолет отлично подойдет для тренировки техники стрельбы. ', '130.20', 1, 'c522decbb347d8b0e0bac875505b3760.jpg', '935db75d99830a16eb2806022a424095.jpg', NULL, 0, '2014-06-12 09:48:50', '0000-00-00 00:00:00'),
(29, 32, 'KWC PM', 'Не так давно известная тайваньская компания KWC, специализирующаяся на выпуске газобаллонного оружия представила пистолет пневматического действия KWC PM. Модель является суперточной копией знаменитого на весь мир пистолета Макарова, настолько точной, что со стороны почти не реально его отличить от настоящего. Данное оружие является идеальным вариантом, как для самообороны, так и для простой развлекательной стрельбы.\r\n KWC PM оснащен вместительным магазином, который "под завязку" заполняется 21 пулей. Боеприпасом служат небольшие пули сферической формы класса BB. Как и многие пневматические "собратья", эта модель функционирует за счет баллончика со сжатым CO2. Его достаточно для произведения 80 выстрелов. Неавтоматический предохранитель расположен на правой стороне пистолета, который застрахует от случайного выстрела во время транспортировки.\r\n KWC PM обладает достаточной мощностью стрельбы (115-120м/с). Данная скорость позволяет в случае необходимости задать недоброжелателю существенный урон. Приобретайте его в нашем оружейном интернет-магазине и используйте для самообороны, а также для тренировки в тире или на отдыхе!', '50.40', 1, 'b93880ac1a76c0d6e95dd6daf86261e4.jpg', '299ebb11af68d8759fc2ee0fe564fca6.jpg', NULL, 0, '2014-06-12 11:43:31', '0000-00-00 00:00:00'),
(30, 32, 'Crosman TT', 'Компания Crosman выпустили реплику именитого пистолета ТТ (Тульский, Токарева). Сам оригинал пистолета ТТ был разработан для конкурса в 20-х годах на новый армейский пистолет, чтобы заменить старые Наганы и некоторые другие иностранные. И с 30-х годов был принят на вооружение красной армии. Crosman TT в точности повторяет формы оригинального пистолета. Корпус и рама выполнены из прочного сплава. Прицельное приспособление это нерегулируемая планка и мушка. Мощности пистолета хватает чтобы разбить бутылку с 10 метров в дребезги. Если нужен пистолет для стрельбы по мишеням, то это не лучший выбор, т.к. он стреляет шариками, а они на много хуже по точности, в сравнении с пулями.', '85.00', 0, '3d015abf9b92504e25fd8879b19ef45b.jpg', '5859f7407668c7c7697d2ded3f585b58.jpg', NULL, 0, '2014-06-12 13:12:40', '0000-00-00 00:00:00'),
(31, 32, 'Crosman C11', '  Является удобным, легким и достаточно мощным пистолетом. Установленная схема "подвижного ствола" обеспечивает хорошую надежность подачи шариков, тем самым сводя к минимуму уровень утечки газа при выстреле, за счет отсутствия зазоров во время удара ствола по клапану. Благодаря такой уникальной схеме достигается большое количество выстрелов и высокая дульная скорость с одного баллона. Перед спусковой скобой можно найти специальное место, которое предусмотрено для установки дополнительных полезных элементов (лазерный прицел, фонарик и другие).\r\n Crosman C11 оборудован неавтоматическим предохранителем. Чтобы установить баллон достаточно выдвинуть назад накладку рукоятки, именно в этом положении будет виден поджимной винт. После установки баллона винт не выглядывает, соответственно не портит внешний вид и не мешает поддерживать пистолет снизу. Обойма освобождается легким нажатием кнопки, которая расположена у основания спусковой скобы. Корпус пистолета выполнен из высококачественного пластика, поэтому масса ствола составляет всего 500 гр. Обойма изготовлена из металла.', '50.00', 1, 'fac6c7a048f53478d8bf71bec2bf2ae8.jpg', 'e97504471d4f842928e2a09771dc6a20.jpg', NULL, 0, '2014-06-12 13:32:29', '0000-00-00 00:00:00'),
(32, 32, 'SAS MP-40', 'Пистолеты SAS стреляют шариками калибра 4,5 мм и предназначены сугубо для спортивно-тренировочных и развлекательных целей. При этом корпус специально утяжелен, чтобы придать пользователю ощущение удержания в руках боевого пистолета. В этих же целях весь модельный ряд имеет внешний вид реально существующих боевых пистолетов.\r\nМодель SAS S&W MP-40 – практически точная копия пистолета "Military and Police" американской компании Smith & Wesson, который с 2005-го года серийно выпускается в Америке и ориентирован в первую очередь на использование в органах правопорядка.\r\nПод ствол SAS S&W MP-40 интегрирована планка Weaver, позволяющая оснастить модель фонарем или целеуказателем.', '51.00', 0, '57ce782e8764eca5fb9a7724c6fa871c.jpg', 'a798ecfc6ff4e6e53172c19935103b63.jpg', NULL, 0, '2014-06-12 16:12:18', '0000-00-00 00:00:00'),
(33, 32, 'Borner WC 401', 'Под конец одиннадцатого года третьего тысячелетия некоторые оружейные магазины России начали предлагать своим покупателям новую модель пневматического пистолета от нового производителя. Называется эта модель Borner WC401. Оружие относится к классу бюджетного и его стоимость действительно можно назвать низкой. Однако уровень качества исполнения пневматики далеко не такой низкий, как её цена. В любой случае бренд Борнер изначально отказался от выпуска низкокачественной продукции, поэтому даже бюджетные модели соответствуют должному уровню качества. Политика компании направлена на то, чтобы любой стрелок, купивший любую модель пистолета Борнер, остался ею доволен.\r\n  Borner WC401 по своему внешнему виду схож с реально существующим боевым пистолетом, поэтому стрельба из него достаточно реалистична.\r\n  Форма рукояти выполнена таким образом, чтобы даже после длительного сеанса стрельбы рука стрелка не уставала. Держать в руках пистолет удобно и легко, ведь его вес составляет чуть больше трети килограмма. Хотя некоторые стрелки могут посчитать, что оружие имеет чересчур маленький вес и для него характерно ощущение игрушечности и некой пластиковости, на самом деле это не так. Borner WC401 и по ощущениям очень сильно напоминает настоящее оружие. Техническое устройство пневматического пистолета позволяет осуществлять выстрелы со скоростью полета пули до ста двадцати восьми метров за одну секунду. Такая скорость стрельбы вполне приемлема для пневматического оружия, которое рассчитано на использование в развлекательных и спортивных целях. Магазин Borner WC401 имеет вместительность в полтора десятка пуль. Для стрельбы из него пригодны только сферические пули типа ВВ, которые в простонародье зовут просто – бебешки. Как бы там ни было, а данная модель является отличным предложением в категории бюджетной пневматики.', '49.00', 1, '34367857314dd70f1a1431b2ec323107.jpg', '639e5c0351986c33862efa6cf489c15a.jpg', NULL, 0, '2014-06-12 17:02:15', '0000-00-00 00:00:00'),
(34, 32, 'Gletcher APS Blowback', 'Пневматический пистолет под названием Gletcher APS Blowback является лучшей бюджетной вариацией на тему АПС. Такие параметры как вес и элементы управления максимально приближены к боевому оригиналу «Стечкина». Очень радует четкая работа функции блоубэк. В процессе выстрела затвор осуществляет поступательные движения вперед и назад, взводя курок. Таким образом, облегчается усилие спуска для очередного выстрела. После того как боевой запас в магазине исчерпывается, затвор принимает положение затворной задержки. Все эти качества напоминают стрельбу из настоящего оригинального пистолета.\r\n  Gletcher APS Blowback оснащен барабанным регулируемым целиком. Вся прелесть в том, что он проградуированный для вида до 200 метров, то есть также как и в огнестрельном APS. Даже порядок неполной разборки аналогичен боевому Стечкину. Скопирован также цвет трехпозиционного предохранителя. Затворная рама подвижная. Материал изготовления рамы – металлический сплав. Ручка выполнена из оружейного пластика. Пистолет стреляет стальными шариками типа ВВ, которые вылетают с начальной скоростью 120 м. в секунду. Gletcher APS Blowback имеет скрытый поджимной винт баллона, который обеспечивает визуальную схожесть с оригиналом.\r\n   Если функция BlowBack не нужна, то можно купить Gletcher APS NBB по более низкой цене.', '126.60', 1, 'ea5c0f844e5e570d3093c5efcdcc59e2.jpg', '91e66c731b7a22491604e38a5fcdfce3.jpg', NULL, 0, '2014-06-12 17:25:00', '0000-00-00 00:00:00'),
(35, 32, 'Gletcher P08 Parabellum', ' Наверное, сложно найти взрослого человека, который ни разу не видел огнестрельный прототип этого пистолета или не слышал о нём. Всё же популярность его в ходе Первой и Второй Мировых Войн была весьма высока, соответственно, и в фильмах и в книгах по этим событиям он встречается регулярно. Кто-то называет его Люгер, кто-то "Парабеллум", а кто-то и по номеру модели - P08. Более того, есть даже культовая для своего времени фраза из произведения И.Ильфа и Е.Петрова "12 стульев", вложенная в уста Остапа Бендера: "Я дам вам парабеллум", да и в других произведениях упоминание об этом пистолете тоже встречается нередко.\r\n  Другое дело, что до недавнего времени у поклонников данной модели было три выхода: или очень дорого брать ММГ этого пистолета, или покупать дешёвую, но весьма посредственную по качеству и деталировке "копию" из силумина производства фирмы Denix, или же обращаться в сферу аирсофта и выбирать из множества производителей наиболее подходящую модель по вкусу и кошельку. А вот так называемой "хард-пневматики", хотя бы отдалённо похожей на Luger P08, к сожалению, никем не выпускалось.\r\n  Однако, небезызвестная своими переделками из аирсофта в "хард-пневматику" фирма Gletcher в 2013 году всё же выпустила соответствующий пистолет под своим именем -Gletcher P08, притом сразу с функцией blowback, т.е. при стрельбе как и у огнестрельного прототипа двигается затвор и рычаги. Что любопытно, почти одновременно появилась и модель P08 от фирмы Umarex, но в отличие от Gletcher P08, у Umarex P08 практически нет никаких подвижных деталей - не то что blowback, даже руками затвор не двигается. Подвижны только спуск и предохранитель.\r\n  Потому при поиске и заказе в интернете надо быть внимательным, чтобы не перепутать эти две издалека весьма похожие пневматические модели одного и того же огнестрельного прототипа и не купить "по-дешёвке" совершенно не то, что хочется (цена Gletcher P08 почти вдвое выше, чем цена Umarex P08)', '146.60', 1, '827510043244a549560bfb5a1623b137.jpg', '74fa58da089e974f7e07e9730bb349a2.jpg', NULL, 0, '2014-06-12 17:45:58', '0000-00-00 00:00:00'),
(36, 32, 'Gletcher UZM Blowback', ' Оснащено специальной системой под названием BlowBack. Модель полностью идентична внешними данными со своим оригиналом. Пневматическая модель предусматривает специальную систему, которая обеспечивает подвижность затвора. Кроме того, механизм помогает имитировать отдачу во время выстрела, а также, дает ощущение того, в руках находится настоящее боевое огнестрельное оружие. Для главных особенностей характерный диоптрический прицел, который отличается перекидными свойствами. Корпус и затвор конструкции изготовлены из качественного и прочного сплава. Для изготовления рукоятки использовался прочный пластик.\r\n   Что касается патронов, то максимальное количество, которое предусматривает магазин – это 247 штуки. Скорость максимальная достигается 100 м/с. Но самое главное, что патронами являются шарики. Ствол отличается от своих собратьев гладкостью, для изготовления которого использовали сталь. Калибр патронов составляет 4,5 мм. Надо отметить присутствие регулируемых прицельных приспособлений, а также, возможность автоматической стрельбы. Присутствует и ударный спусковой механизм, единого действия.', '173.30', 0, 'f5426c4344a3d3a3e2af12da1dfdb263.jpg', 'cf94d9369f412ceb6e89ce805271a048.jpg', NULL, 0, '2014-06-12 17:59:54', '0000-00-00 00:00:00'),
(37, 32, 'ASG CZ 75D Compact', 'Внешний дизайн этого пневматического пистолета в точности повторяет детали популярного чешского пистолета CZ 75D Compact, который активно\r\nиспользуется как чешской полицией, так и правоохранительными подразделениями Гондураса, Литвы, Польши, а также армиями Словении, США и\r\nСудана.\r\n  Прежде всего, конструкция позволяет осуществлять ручное передергивание затворной рамы, что, безусловно, создает ощущение использования\r\nреального оружия. Для большей практичности сама рама изготовлена из металла. Мушка регулируемая. В стволе есть нарезы для установки\r\nсаунд-модератора. Интегрированный под ствол профиль Weaver позволяет при необходимости установить фонарь или целеуказатель.\r\n  Для удобства и надежности удержания рукоятка оснащена рельефными резиновыми накладками. Резиновая также и база магазина, что защищает\r\nего при случайном падении. Магазин, извлекаемый посредством кнопочного механизма, служит одновременно и местом фиксации баллона СО2 .\r\n  Пистолеты ASG модели CZ 75D Compact производятся в двух исполнениях – классическом черном и с никелевой вставкой на затворной раме.', '60.00', 1, '3bdd3f852941e02846f09e98fb95dc35.jpg', '5acdb554b0f419aa79aca94ccf6d2663.jpg', NULL, 0, '2014-06-12 18:15:38', '0000-00-00 00:00:00'),
(38, 34, 'Ekol Python 3', 'Револьвер турецкого производства, собрат Ekol Viper и Major Eagle. Внешне эти модели абсолютно идентичны, за исключением надписи на стволе. Скорее всего это связанно с разными импортерами этих револьверов в Украину. Данная модель револьвера под патрон Флобера Ekol Python 3 изготовлена из сплава, а барабан и ствол стальные. На левой части корпуса расположен экстрактор барабана, соответственно револьвер разработан для правшей. В барабан можно зарядить 9 патронов Флобера калибра 4 мм, желательно Чешского производства. Немецкие патроны Флобера могут плохо работать, а именно будет затруднительно доставать гильзы из барабана. Револьвер Ekol Python 3 продается без разрешения, единственное ограничение это возраст, купить его можно с 18 лет. На текущий момент револьвер Ekol Python самый дешевый Флобер. Для покупки револьвера достаточно нажать кнопку купить или позвонить, а наш менеджер поможет оформить заказ и проконсультировать о товаре.', '94.90', 1, '56fcf7f3058004f05c6aeb4a7705bc48.jpg', '0b6cb8d5afbef342719356493ca476ee.jpg', NULL, 0, '2014-06-17 10:06:23', '0000-00-00 00:00:00'),
(39, 34, 'Weihrauch HW4 2,5" дерево', ' Данная модель является одним из самых популярных револьверов под патрон Флобера. Внешний вид револьвера порадует каждого ценителей союза классического стиля и современного стиля. Револьвер Weihrauch HW4 2,5" используется, как оружие для тренировочных стрельб или для спортивных мероприятий. Рукоятка оружия изготовлена из дерева. Все основные детали оружия, которые поддаются высокой нагрузке, изготовлены из прочного и крепкого стального материала. Корпус, например, из прочного металла, барабан – из прочной и легированной стали. Как уже упоминалось, для стрельбы используются заряды Флобера, размером 4 мм.\r\nНачальная скорость патронов достигает 180 м/с. Надо отметить, что все модели, которые предусматривают использование патронов Флобера, не превышают скорость больше, чем 210 м в секунду. К особенностям можно отнести полуавтоматический режим огня и нарезной ствол, который изготовлен из стали. Емкость барабана не превышает 8 патронов. Для перезарядки, патронный барабан достаточно откинуть в сторону. Оружие не требует специального разрешения на приобретение, и благодаря своим особенностям, не относится к категории огнестрельного револьвера.', '323.00', 1, '6015eb34333a810a63d0568319a9a6b3.jpg', '138419dc7643a786a9f5dde6adcf0e70.jpg', NULL, 0, '2014-06-18 09:02:34', '0000-00-00 00:00:00');
INSERT INTO `tbl_product` (`pd_id`, `cat_id`, `pd_name`, `pd_description`, `pd_price`, `pd_qty`, `pd_image`, `pd_thumbnail`, `pd_img_dir`, `pd_img_cnt`, `pd_date`, `pd_last_update`) VALUES
(40, 34, 'Флобера Сафари РФ-430 пластик', '  Изготовлен специально под патрон Флобера. Данная модель представляет собой вороненый револьвер, который оснащен резиновой и пластиковой рукояткой одновременно. Принцип перезарядки оружия предусматривает откидывание в сторону патронного барабана. Ударно-спусковой механизм ударный и двойного действия. Для того, чтобы приобрести револьвер – не требуется специального разрешения. Как правило, револьвер РФ-430 предназначается для спортивной и тренировочной стрельбы. В качестве боевого припаса выступает свинцовый шарик или патрон Флобера, размер которого составляет 4 мм. Кроме того, в качестве боевого патрона может выступать и пиротехнический заряд.\r\n  Что касается самого револьвера РФ-430, то для изготовления, например, корпуса, использовался специальный и прочный сплав. Для изготовления патронного барабана использовалась качественная сталь высокой прочности. А для изготовления рукоятки, как и в большей степени, для всех оружий, используется прочный и качественный пластик. Настоящие любители пострелять, по достоинству оценят эту модель и сделают правильный выбор в пользу револьвера РФ-430. В процессе использования, оружие совершенно безопасное.', '208.00', 1, '4fde2fba5dc6902d83192698e9331bb0.jpg', '262d00129b022fefbd8f6d52519bf204.jpg', NULL, 0, '2014-06-18 09:25:35', '0000-00-00 00:00:00'),
(41, 35, 'Ekol Major black', '  Отличный бюджетный сигнальный пистолет турецкого производства. Стреляет патронами 9 мм, только стартовыми. Корпус изготовлен из высокопрочного сплава и покрытие черного цвета. Пистолет Ekol Major может взодиться двумя способами, это курком или спусковым крючком. Механизм достаточно надежный и уже заслужил доверие во многих странах мира. Звук выстрела ни чем не отличается от боевого оружия, которым можно испугать собаку и недоброжелателя. Пистолет имеет небольшие габариты, которые позволяют носить его с собой, даже в кармане.', '71.00', 1, 'c3d30b85b2158ebc68fc1c093eb3dbc1.jpg', '453d68b846ee4a6f0becc6d91ae6c202.jpg', NULL, 0, '2014-06-18 10:01:14', '0000-00-00 00:00:00'),
(43, 35, 'Шмайсер псш 790 хром', 'Сигнальные пистолеты. По другому их называют стартовые пистолеты, купить их так же легко как и пневматику. Патроны для стартовых пистолетов это обычно 8 и 9 мм, реже встречаются 5,6мм и другие калибры. Купить патроны для стартового пистолета не составит много труда, продажа патронов в Киеве, Харькове, Днепропетровске как и во всей Украине свободна и не требует каких либо разрешительных документов на покупку.', '113.00', 1, '0e0011d212de170b06f177cbce5d9cfb.jpg', 'd578f591c6a3f6b9f3be199cd8d68686.jpg', NULL, 0, '2014-06-18 11:06:24', '0000-00-00 00:00:00'),
(44, 35, 'Наган-С ("Блеф")', 'Сигнальный револьвер Наган-С\r\n Предусматривает полуавтоматический режим огня. В качестве боевых припасов служит капсюль «Жевело». Металлический барабан вмещает максимальное количество боевых припасов не больше, чем 7 штук. Присутствует ударно-спусковой механизм двойного действия, благодаря которому оружие не относится к категории огнестрельного. Поэтому и специальное разрешение на его приобретение не потребуется. Стрельба осуществляется двумя способами, которые предусматривает самостоятельный взвод курка и предварительный взвод курка.\r\nКорпус изготовлен из качественного металла, что касается рукоятки, то для ее изготовления используется дерево. Благодаря металлическому барабану патронов, оружие достаточно весомое. Система перезарядки предусматривает откидывание барабана в сторону. Лишних деталей в конструкции нет, поэтому все функциональные элементы используются в полной мере. Использование пистолета дает ощущение, что в руке находится боевое оружие. В общей сложности можно сказать, что оружие простое и надежное в использовании. Благодаря надежной конструкции, при ударе о землю, например, при падении, оружие не пострадает.', '478.00', 1, '9f63b13601bcab3bdeaf7eacd205d177.jpg', '5a3138defc4798b3193fe167b8303f5b.jpg', NULL, 0, '2014-06-18 11:23:26', '0000-00-00 00:00:00'),
(45, 38, '1255 Нож KA-BAR "Short Ka-Bar Black Tanto', '', '82.50', 0, 'e335216f8be7dda804f981851f9553da.jpg', '9d46081e68ca92f9bdca8e40bb289ee5.jpg', NULL, 0, '2014-06-18 16:19:24', '0000-00-00 00:00:00'),
(46, 38, 'FL-10 Нож SOG', 'Нож метательный', '36.00', 0, '50b3d88e8a0844e783544a84b336256c.jpg', '22be323d2a159c6220120e139d1d1a9d.jpg', NULL, 0, '2014-06-22 10:09:47', '0000-00-00 00:00:00'),
(47, 38, '5010 Нож CRKT', 'Складной нож', '81.50', 1, 'beddda2edea7c9abbe29e364755df60a.jpg', '6f596cdf383b4a9e117abd71b825f251.jpg', NULL, 0, '2014-06-22 11:23:08', '0000-00-00 00:00:00'),
(48, 38, 'SS01 Точило CRKT', 'Точило', '39.00', 0, '5ed59c0074642575031d6543e3b1541c.jpg', '5594504f156b17f2eee9bf313399691d.jpg', NULL, 0, '2014-06-22 11:49:51', '0000-00-00 00:00:00'),
(49, 41, 'ММГ Пулемет Максим', 'ММГ Пулемет «Максим» — макет массогабаритный станкового пулемета, варианта американского пулемета Максима, широко использовавшегося Российской и Советской Армиями во время Первой мировой и Второй мировой войн для поражения открытых групповых живых целей и огневых средств противника. Макет 7,62 мм станкового пулемета системы Максима предназначен для использования его в качестве коллекционного макета-сувенира, а также в качестве сценического имущества и музейного экспоната. Макетный образец пулемета Максима сохраняет внешний вид оружия.\r\nММГ — это не сувенир в виде оружия, это оружие, превращенное в сувенир. Имеет конструктивные доработки, не позволяющие использовать макет в качестве работоспособного огнестрельного оружия. Если мужчину интересует оружие, то ММГ (макет массогабаритный) будет лучшим для него подарком.\r\nМассогабаритный макет сертифицирован как предмет хозяйственно-бытового назначения, приобретается без лицензии.\r\nИстория оружия:\r\n7,62 мм станковый пулемет системы Максима образца 1910 года — легендарное оружие гражданской и Великой Отечественной войн. Первые пулеметы были созданы еще в восьмидесятых годах 19 века. Наиболее известной системой стала конструкция британца американского происхождения сэра Хайрэма Максима (Hiram Maxim), которая заложила основные принципы создания пулеметов на последующие шестьдесят — восемьдесят лет. Эти принципы включали в себя использование автоматики с подвижным стволом, использующую энергию отдачи массивного ствола при его коротком ходе, водяное охлаждение ствола, обеспечивающее возможность ведения огня с высокой интенсивностью, и ленточное питание.\r\nПулемет Максим сконструирован Хайрамом Стивенсом Максимом в 1884 году. После успешной демонстрации пулемета в Швейцарии, Италии и Австрии в 1887 г. пулемет Максима прибывает в Россию. В 1889 г. первые заказанные Максимы доставляют в Россию. К 1899 году пулеметы «Максим» были переделаны под калибр 7,62×54 мм русской винтовки Мосина от 10,67 мм калибрa винтовки Бердана под официальным наименованием «7,62-мм станковый пулемет». К лицензионному изготовлению пулемета «Максима» в России приступили в феврале 1904 года на Тульском оружейном заводе, что позволило, во первых, существенно сократить затраты на закупку пулеметов за рубежом, а во вторых, оперативно модернизировать пулеметы с учетом практики их боевого применения русской армией.\r\nПосле русско-японской войны 1904 -1905 годов конструкция пулемета была усовершенствована и облегчена тульскими оружейниками. Они сделали его надежным и безотказным. Смонтированный на колесном станке, пулемет мог успешно использоваться в обороне и в наступлении. В годы гражданской войны он применялся на кавалерийских повозках — тачанках. В предвоенные годы пулемет и станок были улучшены. Оружие приобрело возможность бороться с воздушными целями. С первого до последнего дня Великой Отечественной войны пулемет был в строю. Выпуск пулеметов Максима образца 1910 и позже 1910/30 годов продолжался в СССР вплоть до конца Второй Мировой войны. Сейчас это грозное в прошлом оружие можно встретить только в музейных залах.\r\nТехнические характеристики:\r\n• Калибр: 7,62 мм.\r\n• Принципы работы: автоматика пулемета работает на принципе использования отдачи ствола.\r\n• Масса: 62,5 кг.\r\n• Длина оружия: 1107 мм.\r\n• Длина ствола: 720 мм.\r\n• Прицельная дальность: 2700 м, для макета — 0 м.\r\n• Темп стрельбы: 600 выстрелов в минуту, для макета — 0 в/м.\r\n• Практическая скорострельность: 250 в/мин.\r\n• Начальная скорость пули: 740 м/с, для макета — 0 м/с.\r\n• Вид боепитания: 250 патр. матерчатая пулеметная лента.\r\n• Патрон: 7,62×54 мм R.\r\nМакеты не относятся к оружию, являются изделиями хозяйственно-бытового и производственного назначения, конструктивно сходными с оружием, в соответствии со статьей закона преобретаеться без лицензии и не регистрируются.\r\nОбратите Ваше внимание! Все макеты изготовлены из боевого оружия путем деактивации. Внедрение каких-либо изменений в конструкцию и изготовление огнестрельного оружия на основе настоящего макета преследуется по закону.\r\nВнимание! Открытое ношение и имитация применения макетов как боевого оружия может ввести в заблуждение работников правоохранительных органов или граждан и дать им основание на применение против Вас огнестрельного оружия или иных средств самозащиты.\r\nВ комплект к пулемету входит лента пулеметная на 250 патронов, ящик для пулеметной ленты.\r\nДлина: 110.7 см Вес: 62.5 кг.', '1270.00', 1, '91e8555b7338e1375d7ebdcd69984de2.jpg', '3085b6c7accfc48194716467398f0200.jpg', NULL, 0, '2014-06-22 12:02:02', '0000-00-00 00:00:00'),
(50, 41, 'Пистолет-пулемет Шпагина ММГ', 'Производитель: Россия;\r\nТип оружия: Макет ММГ (макет массогабаритный);\r\nКалибр, мм: 7,62;\r\nОбщая длина, мм: 843;\r\nДлина ствола, мм: 269;\r\nВес, г: 3,6 (без патронов);\r\nКорпус: вороненый;\r\nДеактивация: Балаклийский распил;\r\nХарактеристика деталей: все детали макета оригинальны;\r\nКомплектация: макет ММГ ППШ-41, магазин, паспорт;\r\nСтрелковые характеристики: 900 выстрелов в минуту ;\r\nПриклад: дерево;\r\n\r\n7,62-мм пистолет-пулемёт системы Шпагина обр. 1941 г. (ППШ-41)- пистолет-пулемёт, разработанный советским конструктором Георгием Шпагиным, принятый на вооружение в 1941 году и активно использовавшийся в Великой Отечественной войне, а также во многих вооружённых конфликтах послевоенного времени. ППШ был принят на вооружение в 1941 году, в результате конкурса, на котором его соперником был пистолет-пулемёт Шпитального. Обе конструкции были признаны пригодными к использованию, но принята была модель Шпагина, как более технологичная. ППШ был единственным массовым пистолетом-пулемётом в Красной Армии в первый год войны. Впоследствии он продолжал активно применяться и производиться. В СССР был снят с вооружения в 1951 году и заменён автоматом Калашникова, но еще достаточно долго использовался различными вооружёнными формированиями по всему миру. Данную модель использовали в войнах в Корее и во Вьетнаме, и совсем недавно - на обеих афганских и войне в Ираке. Основной задачей при разработке этого оружия было создание образца, близкого к ППД или превосходящего его по ТТХ, но при этом дешёвого и пригодного для массового производства, в том числе на непрофильных предприятиях. В 1940 Наркомат вооружения дал запрос оружейникам на создание пистолета-пулемёта, части которого могли бы быть изготовлены при минимальной механической обработке (что практически означало необходимость применения штампованных деталей). Данный ПП необходимо было сделать настолько простым в производстве, что при необходимости его выпуск могли бы быстро начать на любом машиностроительном предприятии. К осени 1940 года конструкции пистолетов-пулемётов были представлены на рассмотрение конструкторами Г. С. Шпагиным и Б. Г. Шпитальным. Полигонные испытания и технологическая оценка предъявленных к рассмотрению образцов в конце ноября 1940 г. показали, что при близких боевых качествах обоих проектов пистолет-пулёмет Шпагина был намного более технологичен в производстве.', '253.00', 0, 'a2601a86edc76bf079ba3524b0adb4cb.jpg', 'ce6bb3f42dbb02938d5778f761acc9af.jpg', NULL, 0, '2014-06-22 12:25:09', '0000-00-00 00:00:00'),
(51, 41, 'Пистолет-пулемет Судаева ППС ММГ', 'Модель пистолета-пулемета 42-43 гг, разработанная Алексеем Судаевым и применялась советскими войсками во время войны. Есть мнения, что ППС был лучшим среди пистолетом-пулеметов того времени. Внешний вид был брутальным, грубое исполнение, неэстетичный вид – но это было нормально для оружия выпускаемого в период войны. Стрелял патронами 7,62х25, которых помещалось в магазин 35 патронов, со скорострельностью 600 выстрелов в минуту, со скоростью 500 метров в секунду, при этом прицельная дальность составляла 200 метров, а максимальная 350 метров. Кстати, ППС мог стрелять только очередями. Выпущено было примерно 500 тыс. единиц этого оружия. Сейчас ими уже никто не пользуется, лежат на армейских складах и ждут своей очереди на распил, переделку в массогабаритные макеты. В нашем интернет магазине как раз представлена версия массогабаритного макета пистолета-пулемета Судаева – купить его может каждый желающий. ППС больше не представляет опасности как огнестрельное оружие и это подтверждает заключение о не принадлежности к боевому оружию.', '249.00', 1, 'b26c71fc39bb0af6fdf0e4c93cc17409.jpg', '6f37ba9094cb0afded99c4770f740330.jpg', NULL, 0, '2014-06-22 12:34:04', '0000-00-00 00:00:00'),
(52, 38, 'Darex Work Sharp Knife & Tool Sharpener', 'Work Sharp Knife & Tool Sharpener - первая электрическая точилка для ножей, способная заточить любой нож который у вас есть, топор, лопату.Для заточки используются гибкие абразивные ленты, которые позволяют точить не только прямые клинки, но также изогнутые, танто, филейные, крюкообразные и т. п.В точилке используются точные направляющие, позволяющие выдерживать постоянный угол заточки.\r\n\r\nВ комплекте:\r\n\r\n50° (2 х 25°) для охотничих и аутдор ножей;\r\n40° (2 х 20°) для тонких и кухонных ножей;\r\nНабор лент P80, P220 и 6000 по 2 шт каждой;\r\nПодробная инструкция на английском и СD диск с видео инструкцией\r\nТочилка подходит для многих режущих инструментов, таких как: ножницы, топоры, лезвия газонокосилок, садовые ножницы, лопаты а также шлифовка любых поверхностей.Универсальность этого устройства, делает его не заменимым для поддержания в надлежащем состоянии всего, что должно резать.', '129.00', 1, 'eec565439590a982b4d6c12ec1fd1125.jpg', '381eab1666a2c2a480ff8d3bd0f9520e.jpg', NULL, 0, '2014-06-29 10:35:47', '0000-00-00 00:00:00'),
(53, 38, 'Точилка Gerber Myth Field', 'Новинка от Gerber! Очень удобная двухсторонняя точилка, с керамическим покрытием на рабочих поверхностях.Шершавая поверхность рукояти предотвращает скольжежие, комфортно сидит в руке.\r\n\r\nОбщая длина: 17.00 см\r\nДлина рукояти: 10.16 см\r\nВес: 68 г', '29.00', 1, 'f5c9cd37d2971c8650893e9b17a1b2f6.jpg', 'dea31685313c4695b9681780ea7a29b2.jpg', NULL, 0, '2014-06-29 10:53:53', '0000-00-00 00:00:00'),
(55, 74, 'Патроны Флобера Dynamit Nobel', ' Малошумные патроны с цилиндрическими латунными гильзами и свинцовыми пулями. Первоначально разработаны в 1842 году парижским оружейником Флобером для «комнатной» стрельбы.\r\n  Изначально не имели порохового заряда. В складке, образующей фланец гильзы, находился только воспламеняющий состав. Первые патроны имели свинцовую шарообразную пулю, позже стали добавлять в гильзу маленький заряд пороха и использовать коническую пулю.\r\n  Патрон RWS 4mm Flobert относится к «длинной» разновидности (4mm lang, 4mm Long) имеющий цилиндрическую гильзу высотой 8,5 мм (диаметры фланца и корпуса 6,1 мм и 4,65 мм соответственно). Снаряжается сферической свинцовой пулей диаметром 4,3 мм.\r\nПрекрасный выбор для револьвера калибра 4mm Flobert. ', '29.15', 1, 'd3a7aee486689dbc1b27f71122965532.jpg', 'e9b5e6d3f3ce9edefac3d98dbc360782.jpg', NULL, 0, '2014-06-29 12:11:55', '0000-00-00 00:00:00'),
(56, 74, 'Патроны Флобера Sellier & Bellot', ' Малошумные патроны с цилиндрическими латунными гильзами и свинцовыми пулями. Первоначально разработаны в 1842 году парижским оружейником Флобером для «комнатной» стрельбы.\r\n  Изначально не имели порохового заряда. В складке, образующей фланец гильзы, находился только воспламеняющий состав. Первые патроны имели свинцовую шарообразную пулю, позже стали добавлять в гильзу маленький заряд пороха и использовать коническую пулю.', '39.55', 1, '06845d441185c7e63820ac16ffd63d4a.jpg', '33148f61210daf5fc3e8bc15c9588295.jpg', NULL, 0, '2014-06-29 13:05:41', '0000-00-00 00:00:00'),
(57, 74, 'Шершень 0,28 гр.', 'Пули для пневматического оружия Шершень 0,28 гр.', '1.75', 1, '1a72ebd23e6ede833115934cb1b1979c.jpg', 'd24de1f0f98df1202e90b1705e0b71c6.jpg', NULL, 0, '2014-06-29 13:16:24', '0000-00-00 00:00:00'),
(58, 74, 'GAMO Rocket', 'Пули пневматические Gamo Rocket уникальны в своем роде и представляют из себя стальные шарики утопленные в головную часть свинцовой пульки. Такая конструкция позволяет увеличить проникающее и пробивное действие пульки, за счет большей твердости стали, а мягкая свинцовая оболочка не испортит нарезы. ', '9.00', 1, 'acbd44126531d119ac87c5806772bc6c.jpg', '53a174422042406a1b5fb64dd5cbcea3.jpg', NULL, 0, '2014-06-29 13:34:53', '0000-00-00 00:00:00'),
(59, 74, 'H&N Rundkugel', 'Высокоточные боеприпасы в форме шара для тировых винтовок и капсюльных карабинов. Обладают высокой кучностью на малых дистанциях.', '14.40', 0, 'bb87db7e5fdf811dd4cd752b293ff923.jpg', 'c1b66a554586d1965461863c367ea54c.jpg', NULL, 0, '2014-06-29 13:59:23', '0000-00-00 00:00:00'),
(60, 74, 'BBs UMAREX Quality', 'Шарики стальные никелированные Umarex Quality BBs \r\nПредназначены для использования в любых пневматических пистолетах калибром 4.5 мм.', '5.34', 1, '89dd1dda05e81e0b78261b18758a1252.jpg', '772023486b53754c1620c3b0387cd51e.jpg', NULL, 0, '2014-06-29 14:13:21', '0000-00-00 00:00:00'),
(61, 74, 'Баллон СО2 Borner +10% мощности', '', '0.70', 1, 'f0907dcbf4e354ce9c44d0aea7da2b4d.jpg', '0f29303ad4929431b20b8246dd6cfc62.jpg', NULL, 0, '2014-06-29 14:19:42', '0000-00-00 00:00:00'),
(62, 74, 'Ozkursan', 'Патрон пистолетный 9 мм холостой усиленный\r\n\r\nОтличный патрон шумового действия калибра 9 мм. Подходит для пистолетов калибра 9 мм (сигнальные, газовые, травматические). Холостой патрон может перезаряжать даже пистолеты с тяжелой затворной рамой.', '0.39', 1, '8c8cbc64cc33056c81e80bba73f6de2b.jpg', 'c47028dc795af37b02a4f02f689b7949.jpg', NULL, 0, '2014-06-29 14:40:27', '0000-00-00 00:00:00'),
(63, 74, 'H&N Baracuda Hunter Extreme', 'Тяжелая, чрезвычайно точная охотничья пуля для дальних дистанций. Глубокая крестообразная выемка в головной части для очень высокого шокового воздействия и быстрой передачи энергии. Высочайшая точность благодаря наилучшим аэродинамическим характеристикам.\r\n\r\nРекомендуемая дульная энергия  - от 16 Дж. Оптимальная область применения – 50 м', '14.00', 1, '5eb2ed982b4cab2484dc254bed1a7e8c.jpg', '292af8a026b1ecbb5bf19f049a4bf86d.jpg', NULL, 0, '2014-06-29 15:15:15', '0000-00-00 00:00:00'),
(64, 42, 'Tasco 3-9х50', 'Педназначен для: Пневматика PCP , Пневматика CO2 , Airsoft , Пневматические винтовки , Малокалиберные карабины', '49.18', 1, 'e8eedd848241c32831b25df7f3aafa99.jpg', '6d38be3c5f14da896457837cc9534dc6.jpg', NULL, 0, '2014-07-01 11:13:35', '0000-00-00 00:00:00'),
(65, 42, 'Bushnell 4-12х50Е', 'Предназначен для:	 Airsoft , Пневматические винтовки , Пневматика PCP , Пневматика CO2 , Малокалиберные карабины', '80.67', 1, '13885c5d23c5a2b2212e6cb5adfee612.jpg', 'afc36c3224db7a976f662d67fd23d45e.jpg', NULL, 0, '2014-07-01 12:03:02', '0000-00-00 00:00:00'),
(66, 42, 'BSA-Optics Advance 2.5-10x50 IRG', 'BSA Advance - серия охотничьих прицелов, предназначенных для использования как при охоте на крупную дичь, так и при варминтинге. Прицелы выпускаются с традиционным для европейского рынка диаметром трубки 30 мм и прицельной сеткой #4.\r\nЛинзы BrightView® с многослойным покрытием обеспечивают максимальное просветление при минимальном искажении изображения (светопропускаемость - 90%).\r\nБлагодаря наполнению корпуса азотом, они не запотевают при перепадах температуры. Прицел водонепроницаем и удароустойчив.\r\nBSA Advance 2,5-10x50 обладает объективом, обеспечивающим широкое поле зрения, а также высокой светопропускаемостью для охоты при плохом освещении.\r\n\r\nПредназначен для:Пневматические винтовки , Пневматика PCP , Пневматика CO2 , Airsoft , Малокалиберные карабины , Крупнокалиберные карабины\r\n\r\n', '110.42', 1, '879e5e1dd6b2640a11aa0cce2d12b3a5.jpg', '244fc050167d891eb1e4bc04c6a6f79b.jpg', NULL, 0, '2014-07-01 16:26:23', '0000-00-00 00:00:00');

-- --------------------------------------------------------

--
-- Структура таблицы `tbl_product_link`
--

CREATE TABLE IF NOT EXISTS `tbl_product_link` (
  `lnk_id` smallint(5) NOT NULL AUTO_INCREMENT,
  `pd_id` smallint(5) NOT NULL,
  `flt_id` smallint(5) NOT NULL,
  `val_id` smallint(5) NOT NULL,
  PRIMARY KEY (`lnk_id`)
) ENGINE=MyISAM  DEFAULT CHARSET=utf8 AUTO_INCREMENT=863 ;

--
-- Дамп данных таблицы `tbl_product_link`
--

INSERT INTO `tbl_product_link` (`lnk_id`, `pd_id`, `flt_id`, `val_id`) VALUES
(34, 3, 1, 220),
(35, 3, 4, 7),
(36, 3, 17, 15),
(37, 3, 12, 37),
(38, 3, 7, 127),
(39, 5, 1, 220),
(40, 5, 4, 7),
(41, 5, 17, 15),
(42, 5, 12, 144),
(43, 5, 7, 124),
(44, 2, 1, 220),
(45, 2, 4, 8),
(46, 2, 17, 13),
(47, 2, 12, 37),
(48, 2, 7, 130),
(49, 8, 1, 221),
(50, 8, 4, 7),
(51, 8, 17, 15),
(52, 8, 12, 144),
(53, 8, 7, 124),
(54, 7, 1, 221),
(55, 7, 4, 7),
(56, 7, 17, 15),
(57, 7, 12, 37),
(58, 7, 7, 127),
(59, 6, 1, 221),
(60, 6, 4, 7),
(61, 6, 17, 15),
(62, 6, 12, 37),
(63, 6, 7, 127),
(64, 9, 1, 1),
(65, 9, 6, 64),
(66, 9, 9, 4),
(67, 9, 15, 9),
(68, 9, 3, 10),
(69, 9, 19, 11),
(70, 9, 11, 14),
(71, 9, 7, 31),
(72, 9, 8, 32),
(73, 9, 20, 50),
(74, 9, 12, 48),
(75, 9, 16, 52),
(76, 9, 14, 59),
(77, 9, 10, 65),
(78, 9, 13, 61),
(79, 10, 1, 3),
(80, 10, 6, 62),
(81, 10, 9, 6),
(82, 10, 15, 9),
(83, 10, 3, 10),
(84, 10, 19, 11),
(85, 10, 11, 15),
(86, 10, 7, 29),
(195, 19, 15, 173),
(88, 10, 20, 51),
(89, 10, 12, 47),
(90, 10, 16, 52),
(91, 10, 14, 60),
(92, 10, 10, 65),
(93, 10, 13, 61),
(94, 11, 1, 2),
(95, 11, 6, 63),
(196, 19, 3, 10),
(97, 11, 15, 9),
(98, 11, 3, 10),
(99, 11, 19, 12),
(100, 11, 11, 15),
(101, 11, 7, 23),
(194, 19, 6, 64),
(103, 11, 20, 50),
(104, 11, 12, 46),
(105, 11, 16, 52),
(106, 11, 14, 53),
(107, 11, 10, 65),
(108, 11, 13, 61),
(109, 12, 1, 109),
(110, 12, 6, 222),
(111, 12, 15, 9),
(112, 12, 3, 10),
(113, 12, 14, 223),
(114, 12, 19, 104),
(115, 12, 11, 15),
(116, 12, 7, 82),
(117, 12, 20, 49),
(118, 12, 12, 148),
(119, 12, 10, 84),
(120, 12, 13, 96),
(144, 13, 13, 206),
(143, 13, 10, 84),
(142, 13, 12, 144),
(141, 13, 20, 49),
(140, 13, 7, 214),
(139, 13, 11, 14),
(138, 13, 19, 104),
(137, 13, 14, 177),
(136, 13, 3, 10),
(135, 13, 15, 9),
(134, 13, 6, 64),
(133, 13, 1, 1),
(145, 14, 1, 71),
(146, 14, 6, 74),
(147, 14, 15, 9),
(148, 14, 3, 10),
(149, 14, 14, 100),
(150, 14, 19, 104),
(151, 14, 11, 15),
(152, 14, 7, 83),
(153, 14, 20, 50),
(154, 14, 12, 43),
(155, 14, 10, 65),
(156, 14, 13, 96),
(157, 16, 1, 110),
(158, 16, 6, 113),
(159, 16, 9, 4),
(160, 16, 19, 11),
(161, 16, 11, 14),
(162, 16, 7, 140),
(163, 16, 8, 32),
(164, 16, 12, 160),
(165, 16, 16, 174),
(166, 16, 14, 57),
(167, 16, 10, 65),
(168, 16, 13, 61),
(169, 17, 1, 72),
(170, 17, 6, 74),
(201, 19, 10, 121),
(172, 17, 19, 11),
(173, 17, 11, 14),
(174, 17, 7, 29),
(197, 19, 14, 186),
(176, 17, 12, 38),
(200, 19, 10, 121),
(178, 17, 14, 197),
(179, 17, 10, 65),
(180, 17, 13, 61),
(181, 18, 1, 70),
(182, 18, 6, 63),
(199, 19, 14, 186),
(184, 18, 19, 11),
(185, 18, 11, 14),
(186, 18, 7, 23),
(198, 19, 14, 186),
(188, 18, 12, 47),
(189, 18, 16, 174),
(190, 18, 14, 199),
(191, 18, 10, 65),
(193, 19, 1, 1),
(202, 19, 3, 10),
(203, 19, 12, 211),
(204, 19, 20, 50),
(205, 19, 11, 15),
(565, 38, 1, 344),
(562, 37, 6, 334),
(208, 19, 20, 50),
(209, 19, 12, 211),
(210, 19, 7, 215),
(211, 19, 13, 96),
(212, 20, 1, 1),
(213, 20, 6, 64),
(214, 20, 13, 96),
(215, 20, 3, 10),
(216, 20, 15, 173),
(217, 20, 14, 186),
(218, 20, 10, 121),
(219, 20, 19, 12),
(220, 20, 20, 50),
(221, 20, 22, 15),
(222, 20, 12, 211),
(223, 20, 7, 215),
(224, 21, 1, 203),
(225, 21, 6, 74),
(226, 21, 15, 172),
(227, 21, 3, 10),
(228, 21, 14, 180),
(229, 21, 10, 225),
(230, 21, 18, 226),
(231, 21, 12, 208),
(232, 21, 20, 50),
(233, 21, 11, 15),
(234, 21, 7, 216),
(235, 21, 13, 206),
(236, 22, 1, 1),
(237, 22, 6, 64),
(238, 22, 15, 173),
(239, 22, 3, 10),
(240, 22, 14, 191),
(241, 22, 10, 119),
(242, 22, 12, 228),
(243, 22, 20, 227),
(244, 22, 9, 5),
(245, 22, 7, 135),
(246, 22, 13, 96),
(247, 23, 1, 1),
(248, 23, 6, 64),
(249, 23, 13, 96),
(250, 23, 3, 10),
(251, 23, 15, 9),
(252, 23, 14, 229),
(253, 23, 10, 65),
(254, 23, 19, 12),
(255, 23, 20, 227),
(256, 23, 9, 5),
(257, 23, 12, 230),
(258, 23, 7, 231),
(259, 24, 1, 2),
(260, 24, 6, 63),
(261, 24, 13, 96),
(262, 24, 3, 10),
(263, 24, 15, 9),
(264, 24, 14, 232),
(265, 24, 10, 65),
(266, 24, 20, 51),
(267, 24, 22, 15),
(268, 24, 12, 236),
(269, 24, 7, 235),
(270, 25, 1, 237),
(271, 25, 6, 113),
(272, 25, 13, 96),
(273, 25, 3, 10),
(274, 25, 15, 9),
(275, 25, 14, 185),
(276, 25, 10, 65),
(277, 25, 20, 49),
(278, 25, 22, 15),
(279, 25, 9, 5),
(280, 25, 12, 238),
(281, 25, 7, 239),
(282, 26, 13, 61),
(283, 26, 3, 10),
(284, 26, 15, 9),
(285, 26, 14, 177),
(286, 26, 10, 65),
(287, 26, 22, 15),
(288, 26, 9, 5),
(289, 26, 12, 242),
(290, 26, 23, 241),
(291, 26, 7, 240),
(292, 27, 1, 1),
(293, 27, 6, 64),
(294, 27, 13, 61),
(295, 27, 3, 10),
(296, 27, 15, 9),
(297, 27, 14, 181),
(298, 27, 10, 65),
(299, 27, 19, 11),
(300, 27, 20, 50),
(301, 27, 16, 52),
(302, 27, 22, 15),
(303, 27, 12, 245),
(304, 27, 7, 246),
(305, 26, 22, 15),
(306, 26, 9, 5),
(307, 26, 12, 242),
(308, 26, 23, 241),
(309, 26, 7, 240),
(310, 28, 1, 3),
(311, 28, 6, 62),
(312, 28, 13, 61),
(313, 28, 3, 10),
(314, 28, 15, 9),
(315, 28, 14, 250),
(316, 28, 10, 65),
(317, 28, 19, 11),
(318, 28, 20, 50),
(319, 28, 16, 174),
(320, 28, 22, 15),
(321, 28, 9, 5),
(322, 28, 12, 251),
(323, 28, 23, 241),
(324, 28, 7, 240),
(325, 29, 1, 258),
(326, 29, 6, 259),
(327, 29, 13, 206),
(328, 29, 15, 172),
(329, 29, 3, 10),
(330, 29, 14, 178),
(331, 29, 10, 119),
(332, 29, 26, 260),
(333, 29, 17, 262),
(334, 29, 31, 7),
(335, 29, 35, 274),
(336, 29, 34, 254),
(337, 29, 27, 262),
(338, 29, 19, 276),
(339, 29, 30, 267),
(340, 29, 22, 15),
(341, 29, 32, 8),
(342, 29, 20, 227),
(343, 29, 28, 271),
(344, 29, 23, 255),
(345, 29, 29, 270),
(346, 29, 9, 6),
(347, 29, 24, 265),
(348, 29, 12, 266),
(349, 29, 18, 226),
(350, 29, 7, 264),
(351, 30, 1, 1),
(352, 30, 6, 259),
(353, 30, 13, 206),
(354, 30, 15, 172),
(355, 30, 3, 10),
(356, 30, 14, 277),
(357, 30, 10, 119),
(358, 30, 26, 260),
(359, 30, 17, 262),
(360, 30, 31, 7),
(361, 30, 35, 278),
(362, 30, 34, 254),
(363, 30, 27, 262),
(364, 30, 19, 276),
(365, 30, 30, 267),
(366, 30, 22, 15),
(367, 30, 32, 7),
(368, 30, 20, 227),
(369, 30, 28, 271),
(370, 30, 23, 279),
(371, 30, 29, 280),
(372, 30, 9, 5),
(373, 30, 24, 281),
(374, 30, 12, 283),
(375, 30, 18, 226),
(376, 30, 7, 282),
(377, 31, 1, 1),
(378, 31, 6, 249),
(379, 31, 13, 206),
(380, 31, 15, 172),
(381, 31, 3, 10),
(382, 31, 14, 292),
(383, 31, 10, 291),
(384, 31, 26, 290),
(385, 31, 17, 15),
(386, 31, 31, 7),
(387, 31, 35, 274),
(388, 31, 34, 254),
(389, 31, 27, 15),
(390, 31, 19, 276),
(391, 31, 30, 267),
(392, 31, 22, 15),
(393, 31, 32, 7),
(394, 31, 20, 227),
(395, 31, 28, 271),
(396, 31, 23, 279),
(397, 31, 29, 288),
(398, 31, 9, 5),
(399, 31, 24, 287),
(400, 31, 12, 286),
(401, 31, 25, 269),
(402, 31, 18, 226),
(403, 31, 7, 289),
(404, 32, 1, 304),
(405, 32, 6, 259),
(406, 32, 13, 206),
(407, 32, 15, 172),
(408, 32, 3, 10),
(409, 32, 14, 232),
(410, 32, 10, 291),
(411, 32, 26, 300),
(412, 32, 17, 262),
(413, 32, 31, 7),
(414, 32, 35, 274),
(415, 32, 34, 254),
(416, 32, 27, 262),
(417, 32, 19, 276),
(418, 32, 30, 267),
(419, 32, 22, 15),
(420, 32, 32, 7),
(421, 32, 20, 227),
(422, 32, 28, 271),
(423, 32, 23, 255),
(424, 32, 29, 270),
(425, 32, 9, 5),
(426, 32, 24, 301),
(427, 32, 12, 302),
(428, 32, 25, 269),
(429, 32, 18, 226),
(430, 32, 7, 303),
(431, 33, 1, 305),
(432, 33, 6, 259),
(433, 33, 13, 206),
(434, 33, 15, 172),
(435, 33, 3, 10),
(436, 33, 14, 232),
(437, 33, 10, 306),
(438, 33, 26, 260),
(439, 33, 17, 15),
(440, 33, 31, 7),
(441, 33, 35, 274),
(442, 33, 34, 254),
(443, 33, 19, 276),
(444, 33, 30, 267),
(445, 33, 22, 15),
(446, 33, 32, 7),
(447, 33, 20, 227),
(448, 33, 28, 271),
(449, 33, 23, 279),
(450, 33, 29, 270),
(451, 33, 9, 5),
(452, 33, 24, 308),
(453, 33, 12, 302),
(454, 33, 25, 269),
(455, 33, 18, 226),
(456, 33, 7, 307),
(457, 34, 1, 309),
(458, 34, 6, 259),
(459, 34, 13, 206),
(460, 34, 15, 172),
(461, 34, 3, 10),
(462, 34, 14, 232),
(463, 34, 10, 310),
(464, 34, 26, 311),
(465, 34, 17, 262),
(466, 34, 31, 7),
(467, 34, 35, 278),
(468, 34, 34, 50),
(469, 34, 27, 262),
(470, 34, 19, 276),
(471, 34, 30, 267),
(472, 34, 22, 15),
(473, 34, 32, 8),
(474, 34, 20, 227),
(475, 34, 28, 271),
(476, 34, 23, 279),
(477, 34, 29, 280),
(478, 34, 9, 315),
(479, 34, 24, 314),
(480, 34, 12, 313),
(481, 34, 18, 226),
(482, 34, 7, 312),
(483, 35, 1, 309),
(484, 35, 6, 259),
(485, 35, 13, 206),
(486, 35, 15, 172),
(487, 35, 3, 10),
(488, 35, 14, 250),
(489, 35, 10, 120),
(490, 35, 26, 311),
(491, 35, 17, 262),
(492, 35, 31, 7),
(493, 35, 35, 278),
(494, 35, 34, 50),
(495, 35, 27, 262),
(496, 35, 19, 276),
(497, 35, 30, 267),
(498, 35, 22, 15),
(499, 35, 32, 8),
(500, 35, 20, 227),
(501, 35, 28, 271),
(502, 35, 23, 279),
(503, 35, 29, 270),
(504, 35, 9, 5),
(505, 35, 24, 318),
(506, 35, 12, 317),
(507, 35, 18, 226),
(508, 35, 7, 316),
(509, 36, 1, 309),
(510, 36, 6, 259),
(511, 36, 13, 206),
(512, 36, 15, 172),
(513, 36, 3, 10),
(514, 36, 14, 325),
(515, 36, 10, 319),
(516, 36, 26, 320),
(517, 36, 17, 262),
(518, 36, 31, 7),
(519, 36, 35, 278),
(520, 36, 34, 50),
(521, 36, 27, 262),
(522, 36, 30, 324),
(523, 36, 22, 15),
(524, 36, 32, 7),
(525, 36, 20, 227),
(526, 36, 28, 271),
(527, 36, 23, 279),
(528, 36, 29, 270),
(529, 36, 9, 5),
(530, 36, 24, 322),
(531, 36, 12, 323),
(532, 36, 18, 226),
(533, 36, 7, 321),
(566, 38, 6, 113),
(561, 37, 1, 335),
(536, 37, 13, 206),
(537, 37, 15, 172),
(538, 37, 3, 10),
(539, 37, 14, 333),
(540, 37, 10, 332),
(541, 37, 26, 300),
(542, 37, 17, 262),
(543, 37, 31, 7),
(544, 37, 35, 278),
(545, 37, 34, 254),
(546, 37, 27, 262),
(547, 37, 19, 276),
(548, 37, 30, 267),
(549, 37, 22, 15),
(550, 37, 32, 7),
(551, 37, 20, 227),
(552, 37, 28, 271),
(553, 37, 23, 279),
(554, 37, 29, 331),
(555, 37, 9, 5),
(556, 37, 24, 328),
(557, 37, 12, 329),
(558, 37, 25, 269),
(559, 37, 18, 226),
(560, 37, 7, 330),
(567, 38, 15, 298),
(568, 38, 36, 339),
(569, 38, 3, 252),
(570, 38, 14, 182),
(571, 38, 38, 338),
(572, 38, 17, 262),
(573, 38, 31, 7),
(574, 38, 37, 336),
(575, 38, 22, 15),
(576, 38, 32, 7),
(577, 38, 20, 105),
(578, 38, 28, 271),
(579, 38, 23, 279),
(580, 38, 29, 343),
(581, 38, 30, 267),
(582, 38, 19, 276),
(583, 38, 9, 5),
(584, 38, 24, 342),
(585, 38, 12, 341),
(586, 38, 7, 340),
(587, 39, 1, 72),
(588, 39, 6, 74),
(589, 39, 15, 298),
(590, 39, 36, 339),
(591, 39, 3, 252),
(592, 39, 14, 183),
(593, 39, 38, 122),
(594, 39, 17, 13),
(595, 39, 31, 7),
(596, 39, 37, 336),
(597, 39, 22, 14),
(598, 39, 0, 0),
(599, 39, 23, 241),
(600, 39, 29, 343),
(601, 39, 30, 267),
(602, 39, 19, 276),
(603, 39, 9, 315),
(604, 39, 24, 342),
(605, 39, 12, 346),
(606, 39, 7, 340),
(607, 40, 1, 349),
(608, 40, 6, 222),
(609, 40, 15, 298),
(610, 40, 36, 339),
(611, 40, 3, 252),
(612, 40, 14, 182),
(613, 40, 38, 338),
(614, 40, 17, 262),
(615, 40, 31, 7),
(616, 40, 37, 336),
(617, 40, 22, 15),
(618, 40, 32, 7),
(619, 40, 0, 0),
(620, 40, 28, 271),
(621, 40, 23, 241),
(622, 40, 29, 343),
(623, 40, 30, 267),
(624, 40, 19, 276),
(625, 40, 9, 5),
(626, 40, 24, 342),
(627, 40, 12, 348),
(628, 40, 7, 347),
(629, 41, 1, 344),
(630, 41, 6, 113),
(631, 41, 36, 350),
(632, 41, 15, 299),
(633, 41, 3, 351),
(634, 41, 38, 354),
(635, 41, 17, 262),
(636, 41, 31, 7),
(637, 41, 35, 278),
(638, 41, 34, 50),
(639, 41, 27, 262),
(640, 41, 19, 276),
(641, 41, 30, 267),
(642, 41, 22, 15),
(643, 41, 32, 7),
(644, 41, 20, 227),
(645, 41, 28, 271),
(646, 41, 0, 0),
(647, 41, 9, 5),
(648, 41, 12, 353),
(649, 41, 7, 352),
(650, 43, 1, 355),
(651, 43, 6, 222),
(652, 43, 36, 350),
(653, 43, 15, 299),
(654, 43, 3, 351),
(655, 43, 38, 354),
(656, 43, 17, 262),
(657, 43, 31, 358),
(658, 43, 35, 278),
(659, 43, 34, 50),
(660, 43, 27, 262),
(661, 43, 19, 276),
(662, 43, 30, 267),
(663, 43, 22, 15),
(664, 43, 32, 7),
(665, 43, 20, 227),
(666, 43, 28, 271),
(667, 43, 23, 279),
(668, 43, 0, 0),
(669, 43, 9, 5),
(670, 43, 12, 357),
(671, 43, 7, 356),
(672, 44, 1, 359),
(673, 44, 6, 112),
(674, 44, 36, 350),
(675, 44, 15, 361),
(676, 44, 3, 360),
(677, 44, 38, 354),
(678, 44, 17, 13),
(679, 44, 31, 7),
(680, 44, 0, 0),
(681, 44, 19, 276),
(682, 44, 30, 267),
(683, 44, 22, 14),
(684, 44, 20, 105),
(685, 44, 28, 271),
(686, 44, 23, 279),
(687, 44, 12, 362),
(688, 44, 7, 347),
(689, 45, 39, 363),
(690, 45, 6, 64),
(691, 45, 40, 364),
(692, 45, 41, 365),
(693, 45, 42, 366),
(694, 45, 43, 7),
(695, 45, 0, 0),
(696, 45, 45, 367),
(697, 45, 46, 368),
(698, 45, 47, 369),
(699, 45, 48, 370),
(700, 45, 12, 371),
(701, 46, 0, 0),
(702, 46, 39, 373),
(703, 46, 6, 64),
(704, 46, 40, 374),
(705, 46, 41, 375),
(706, 46, 42, 376),
(707, 46, 43, 7),
(708, 46, 45, 377),
(709, 46, 46, 378),
(710, 46, 47, 13),
(711, 46, 12, 381),
(712, 46, 48, 382),
(713, 46, 51, 384),
(714, 46, 49, 383),
(715, 46, 50, 7),
(716, 46, 7, 380),
(717, 47, 39, 386),
(718, 47, 6, 64),
(719, 47, 40, 387),
(720, 47, 41, 388),
(721, 47, 42, 376),
(722, 47, 0, 0),
(723, 47, 44, 393),
(724, 47, 45, 392),
(725, 47, 46, 368),
(726, 47, 47, 13),
(727, 47, 12, 391),
(728, 47, 48, 390),
(729, 47, 7, 389),
(730, 52, 0, 0),
(731, 52, 6, 64),
(732, 53, 39, 394),
(733, 53, 6, 64),
(734, 53, 0, 0),
(735, 53, 12, 396),
(736, 53, 7, 395),
(737, 55, 39, 397),
(738, 55, 6, 74),
(739, 55, 0, 0),
(740, 55, 3, 252),
(741, 55, 2, 398),
(742, 55, 55, 399),
(743, 55, 52, 401),
(744, 56, 39, 402),
(745, 56, 6, 75),
(746, 56, 0, 0),
(747, 56, 3, 252),
(748, 56, 55, 400),
(749, 56, 52, 401),
(750, 57, 39, 403),
(751, 57, 6, 222),
(752, 57, 53, 404),
(753, 57, 0, 0),
(754, 57, 55, 405),
(755, 57, 52, 406),
(756, 57, 3, 10),
(757, 58, 39, 2),
(758, 58, 6, 63),
(759, 58, 53, 404),
(760, 58, 3, 10),
(761, 58, 0, 0),
(762, 58, 55, 410),
(763, 58, 52, 409),
(764, 59, 39, 414),
(765, 59, 6, 74),
(766, 59, 53, 415),
(767, 59, 3, 10),
(768, 59, 0, 0),
(769, 59, 57, 416),
(770, 59, 2, 418),
(771, 59, 55, 417),
(772, 59, 52, 401),
(773, 60, 39, 203),
(774, 60, 6, 74),
(775, 60, 53, 420),
(776, 60, 3, 10),
(777, 60, 0, 0),
(778, 60, 57, 422),
(779, 60, 55, 423),
(780, 60, 52, 421),
(781, 61, 39, 305),
(782, 61, 6, 259),
(783, 61, 53, 226),
(784, 61, 0, 0),
(785, 62, 39, 426),
(786, 62, 6, 113),
(787, 62, 53, 350),
(788, 62, 3, 351),
(789, 62, 0, 0),
(790, 62, 55, 428),
(791, 63, 39, 414),
(792, 63, 6, 74),
(793, 63, 53, 404),
(794, 63, 3, 10),
(795, 63, 0, 0),
(796, 63, 2, 429),
(797, 63, 55, 400),
(798, 63, 52, 409),
(799, 64, 39, 433),
(800, 64, 6, 249),
(801, 64, 0, 0),
(802, 64, 58, 434),
(803, 64, 59, 435),
(804, 64, 60, 436),
(805, 64, 61, 437),
(806, 64, 64, 439),
(807, 64, 62, 254),
(836, 66, 6, 249),
(809, 64, 67, 50),
(810, 64, 69, 254),
(811, 64, 17, 443),
(812, 64, 31, 7),
(813, 64, 12, 445),
(814, 64, 52, 446),
(815, 64, 97, 449),
(816, 65, 39, 450),
(817, 65, 6, 64),
(818, 65, 0, 0),
(819, 65, 58, 451),
(820, 65, 59, 452),
(821, 65, 60, 436),
(822, 65, 61, 437),
(823, 65, 64, 439),
(824, 65, 62, 50),
(825, 65, 63, 454),
(826, 65, 95, 455),
(835, 66, 39, 66),
(828, 65, 67, 50),
(829, 65, 69, 254),
(830, 65, 17, 443),
(831, 65, 31, 7),
(832, 65, 97, 449),
(833, 65, 12, 457),
(834, 65, 52, 458),
(837, 66, 0, 0),
(838, 66, 58, 460),
(839, 66, 59, 461),
(840, 66, 60, 436),
(841, 66, 61, 462),
(842, 66, 64, 464),
(843, 66, 62, 50),
(844, 66, 63, 463),
(845, 66, 67, 254),
(846, 66, 103, 475),
(847, 66, 69, 254),
(848, 66, 17, 443),
(849, 66, 31, 7),
(850, 66, 70, 468),
(851, 66, 71, 465),
(852, 66, 72, 466),
(853, 66, 73, 466),
(854, 66, 74, 472),
(855, 66, 76, 473),
(856, 66, 66, 470),
(857, 66, 100, 471),
(858, 66, 78, 476),
(859, 66, 82, 469),
(860, 66, 97, 449),
(861, 66, 12, 477),
(862, 66, 52, 478);

-- --------------------------------------------------------

--
-- Структура таблицы `tbl_review`
--

CREATE TABLE IF NOT EXISTS `tbl_review` (
  `rv_id` int(11) NOT NULL AUTO_INCREMENT,
  `rv_pd_id` int(11) NOT NULL,
  `rv_usr_id` int(11) NOT NULL,
  `rv_usr_name` varchar(30) NOT NULL,
  `rv_usr_email` varchar(30) NOT NULL,
  `rv_usr_rating` int(11) NOT NULL,
  `rv_text` varchar(300) NOT NULL,
  `rv_valid` int(11) NOT NULL DEFAULT '0',
  `rv_date` varchar(45) NOT NULL,
  PRIMARY KEY (`rv_id`)
) ENGINE=MyISAM  DEFAULT CHARSET=utf8 AUTO_INCREMENT=2 ;

-- --------------------------------------------------------

--
-- Структура таблицы `tbl_shipping`
--

CREATE TABLE IF NOT EXISTS `tbl_shipping` (
  `sh_id` int(6) NOT NULL AUTO_INCREMENT,
  `sh_session` char(32) DEFAULT NULL,
  `sh_name` varchar(25) DEFAULT NULL,
  `sh_phone` varchar(25) DEFAULT NULL,
  `sh_email` varchar(25) DEFAULT NULL,
  `sh_city` varchar(25) DEFAULT NULL,
  `sh_address` varchar(100) DEFAULT NULL,
  `sh_ship` varchar(4) DEFAULT NULL,
  `sh_uid` int(5) NOT NULL DEFAULT '0',
  `sh_flag` smallint(3) NOT NULL DEFAULT '0',
  PRIMARY KEY (`sh_id`)
) ENGINE=MyISAM  DEFAULT CHARSET=utf8 AUTO_INCREMENT=6 ;

--
-- Дамп данных таблицы `tbl_shipping`
--

INSERT INTO `tbl_shipping` (`sh_id`, `sh_session`, `sh_name`, `sh_phone`, `sh_email`, `sh_city`, `sh_address`, `sh_ship`, `sh_uid`, `sh_flag`) VALUES
(2, '7ohrcem9n0nil6gj1c72bsllf1', 'abj', '123', 'example@email.com', 'aodj', '', 'cour', 0, 1),
(3, 'fvm381k3b85h4g1vnred5c5tv3', 'asdfasdf', '545454545151', 'asfas@sdfaasdf.rr', 'sdafasdf', '', 'cod', 0, 0),
(4, 'vijlr0v1hfq5vf8jlbka3kmn31', 'Artem Petrenko', '380509221571', 'chaos.laert@gmail.com', 'Dnipropetrovsk', 'Minina 3/149', 'cod', 0, 1),
(5, 'iucdpvmm7j4sfluhkkod1iqvj3', 'Артем Петренко', '0509221571', 'chaos.laert@gmail.com', 'Днепропетровск', '', 'cod', 15, 0);

-- --------------------------------------------------------

--
-- Структура таблицы `tbl_shop_config`
--

CREATE TABLE IF NOT EXISTS `tbl_shop_config` (
  `sc_name` varchar(50) NOT NULL DEFAULT '',
  `sc_address` varchar(100) NOT NULL DEFAULT '',
  `sc_phone` varchar(30) NOT NULL DEFAULT '',
  `sc_email` varchar(30) NOT NULL DEFAULT '',
  `sc_shipping_cost` decimal(5,2) NOT NULL DEFAULT '0.00',
  `sc_currency` int(10) unsigned NOT NULL DEFAULT '1',
  `sc_order_email` enum('y','n') NOT NULL DEFAULT 'n',
  `sc_exch` decimal(5,2) NOT NULL DEFAULT '0.00',
  PRIMARY KEY (`sc_name`)
) ENGINE=MyISAM DEFAULT CHARSET=utf8;

--
-- Дамп данных таблицы `tbl_shop_config`
--

INSERT INTO `tbl_shop_config` (`sc_name`, `sc_address`, `sc_phone`, `sc_email`, `sc_shipping_cost`, `sc_currency`, `sc_order_email`, `sc_exch`) VALUES
('KeyShop - Механические клавиатуры', '', '050 922 15 71', 'keyshop.ua@gmail.com', '0.00', 2, 'y', '12.00');

-- --------------------------------------------------------

--
-- Структура таблицы `tbl_user`
--

CREATE TABLE IF NOT EXISTS `tbl_user` (
  `user_id` int(10) unsigned NOT NULL AUTO_INCREMENT,
  `user_name` varchar(20) NOT NULL DEFAULT '',
  `user_password` varchar(32) NOT NULL DEFAULT '',
  `user_regdate` datetime NOT NULL DEFAULT '0000-00-00 00:00:00',
  `user_last_login` datetime NOT NULL DEFAULT '0000-00-00 00:00:00',
  PRIMARY KEY (`user_id`),
  UNIQUE KEY `user_name` (`user_name`)
) ENGINE=MyISAM  DEFAULT CHARSET=utf8 AUTO_INCREMENT=4 ;

--
-- Дамп данных таблицы `tbl_user`
--

INSERT INTO `tbl_user` (`user_id`, `user_name`, `user_password`, `user_regdate`, `user_last_login`) VALUES
(1, 'admin', '7e212e2b0d60f7f4124a17af060f7566', '2005-02-20 17:35:44', '2014-07-01 16:06:14'),
(3, 'webmaster', '026cf3fc6e903caf', '2005-03-02 17:52:51', '0000-00-00 00:00:00');

-- --------------------------------------------------------

--
-- Структура таблицы `users`
--

CREATE TABLE IF NOT EXISTS `users` (
  `id` int(8) NOT NULL AUTO_INCREMENT,
  `username` varchar(25) CHARACTER SET utf8 NOT NULL,
  `password` varchar(32) CHARACTER SET utf8 NOT NULL,
  `temp_pass` varchar(32) CHARACTER SET utf8 NOT NULL,
  `temp_pass_active` int(1) NOT NULL,
  `first_name` varchar(25) CHARACTER SET utf8 NOT NULL,
  `last_name` varchar(25) CHARACTER SET utf8 NOT NULL,
  `email` varchar(35) CHARACTER SET utf8 NOT NULL,
  `dialing_code` int(5) NOT NULL,
  `phone` int(25) NOT NULL,
  `city` varchar(80) CHARACTER SET utf8 NOT NULL,
  `country` varchar(80) CHARACTER SET utf8 NOT NULL,
  `thumb_path` varchar(150) CHARACTER SET utf8 NOT NULL,
  `img_path` varchar(150) CHARACTER SET utf8 NOT NULL,
  `active` int(1) NOT NULL,
  `level_access` int(1) NOT NULL,
  `act_key` varchar(80) CHARACTER SET utf8 NOT NULL,
  `reg_date` varchar(45) CHARACTER SET utf8 NOT NULL,
  `last_active` varchar(50) CHARACTER SET utf8 NOT NULL,
  PRIMARY KEY (`id`)
) ENGINE=MyISAM  DEFAULT CHARSET=latin1 AUTO_INCREMENT=23 ;

--
-- Дамп данных таблицы `users`
--

INSERT INTO `users` (`id`, `username`, `password`, `temp_pass`, `temp_pass_active`, `first_name`, `last_name`, `email`, `dialing_code`, `phone`, `city`, `country`, `thumb_path`, `img_path`, `active`, `level_access`, `act_key`, `reg_date`, `last_active`) VALUES
(2, 'admin', 'eb0e08b3bd3351091697316934808133', '', 0, 'Site', 'Admin', 'admin@test.com', 254, 722123123, 'Nairobi', 'Kenya', '', '', 1, 1, '', '', ''),
(15, 'laert', '266e8d5449777ef4651279cb8517d157', '', 0, 'Артем', 'Петренко', 'laert13@ya.ru', 0, 509221571, 'Днепропетровск', 'Украина', '', '', 1, 2, '', 'Thursday, Mar 13, 2014, 5:47 pm', ''),
(22, 'bash', '266e8d5449777ef4651279cb8517d157', '', 0, '', '', 'zone-i@i.ua', 0, 0, '', '', '', '', 1, 2, '', '2014-06-16 10:05:11', '');

/*!40101 SET CHARACTER_SET_CLIENT=@OLD_CHARACTER_SET_CLIENT */;
/*!40101 SET CHARACTER_SET_RESULTS=@OLD_CHARACTER_SET_RESULTS */;
/*!40101 SET COLLATION_CONNECTION=@OLD_COLLATION_CONNECTION */;
