-- phpMyAdmin SQL Dump
-- version 4.0.10
-- http://www.phpmyadmin.net
--
-- Хост: 127.0.0.1:3306
-- Время создания: Июн 16 2014 г., 12:20
-- Версия сервера: 5.5.37-log
-- Версия PHP: 5.3.28

SET SQL_MODE = "NO_AUTO_VALUE_ON_ZERO";
SET time_zone = "+00:00";


/*!40101 SET @OLD_CHARACTER_SET_CLIENT=@@CHARACTER_SET_CLIENT */;
/*!40101 SET @OLD_CHARACTER_SET_RESULTS=@@CHARACTER_SET_RESULTS */;
/*!40101 SET @OLD_COLLATION_CONNECTION=@@COLLATION_CONNECTION */;
/*!40101 SET NAMES utf8 */;

--
-- База данных: `plink_db`
--

-- --------------------------------------------------------

--
-- Структура таблицы `countries`
--

CREATE TABLE IF NOT EXISTS `countries` (
  `id` int(11) NOT NULL AUTO_INCREMENT,
  `country` varchar(255) CHARACTER SET utf8 NOT NULL,
  PRIMARY KEY (`id`)
) ENGINE=MyISAM  DEFAULT CHARSET=latin2 AUTO_INCREMENT=221 ;

--
-- Дамп данных таблицы `countries`
--

INSERT INTO `countries` (`id`, `country`) VALUES
(16, 'Armenia'),
(25, 'Belarus'),
(70, 'Estonia'),
(115, 'Kazakhstan'),
(120, 'Kyrgyzstan'),
(122, 'Latvia'),
(127, 'Lithuania'),
(142, 'Moldova, Republic of'),
(173, 'Russian Federation'),
(200, 'Tajikistan'),
(208, 'Turkmenistan'),
(210, 'Украина'),
(213, 'Uzbekistan');

-- --------------------------------------------------------

--
-- Структура таблицы `pages`
--

CREATE TABLE IF NOT EXISTS `pages` (
  `pg_id` smallint(5) NOT NULL AUTO_INCREMENT,
  `pg_title` varchar(50) DEFAULT NULL,
  `pg_parent` smallint(5) NOT NULL DEFAULT '0',
  `pg_alias` varchar(50) DEFAULT NULL,
  PRIMARY KEY (`pg_id`)
) ENGINE=MyISAM  DEFAULT CHARSET=utf8 AUTO_INCREMENT=18 ;

--
-- Дамп данных таблицы `pages`
--

INSERT INTO `pages` (`pg_id`, `pg_title`, `pg_parent`, `pg_alias`) VALUES
(1, 'Keyshop', 0, '/index.php'),
(2, 'Магазин', 1, '/shop/'),
(3, 'Вход в интернет-магазин', 1, '/user/login'),
(5, 'Регистрация', 1, '/user/register'),
(6, 'Доставка и оплата', 1, '/info/delivery'),
(7, 'Контакты', 1, '/info/contacts'),
(8, 'Корзина', 1, '/cart'),
(9, 'Оформление заказа', 1, '/checkout'),
(10, 'Изменение пароля', 1, '/user/change_pass'),
(11, 'Подтверждение пароля', 1, '/user/confirm_pass'),
(12, 'Редактирование профиля', 1, '/user/edit_profile'),
(13, 'Список заказов', 1, '/user/order_list'),
(14, 'Детали заказа', 1, '/user/order_detail'),
(15, 'Восстановление пароля', 1, '/user/pass_reset'),
(16, 'Список отзывов', 1, '/user/review_list'),
(17, 'Помощь и гарантийные обязательства', 1, '/info/help');

-- --------------------------------------------------------

--
-- Структура таблицы `site_settings`
--

CREATE TABLE IF NOT EXISTS `site_settings` (
  `id` int(2) NOT NULL AUTO_INCREMENT,
  `site_url` varchar(85) NOT NULL,
  `site_email` varchar(85) NOT NULL,
  PRIMARY KEY (`id`)
) ENGINE=MyISAM  DEFAULT CHARSET=latin1 AUTO_INCREMENT=2 ;

--
-- Дамп данных таблицы `site_settings`
--

INSERT INTO `site_settings` (`id`, `site_url`, `site_email`) VALUES
(1, 'keyshop.in.ua', 'keyshop.ua@gmail.com');

-- --------------------------------------------------------

--
-- Структура таблицы `tbl_cart`
--

CREATE TABLE IF NOT EXISTS `tbl_cart` (
  `ct_id` int(10) unsigned NOT NULL AUTO_INCREMENT,
  `pd_id` int(10) unsigned NOT NULL DEFAULT '0',
  `ct_qty` mediumint(8) unsigned NOT NULL DEFAULT '1',
  `ct_session_id` char(32) NOT NULL DEFAULT '',
  `ct_date` datetime NOT NULL DEFAULT '0000-00-00 00:00:00',
  PRIMARY KEY (`ct_id`),
  KEY `pd_id` (`pd_id`),
  KEY `ct_session_id` (`ct_session_id`)
) ENGINE=MyISAM  DEFAULT CHARSET=utf8 AUTO_INCREMENT=8 ;

--
-- Дамп данных таблицы `tbl_cart`
--

INSERT INTO `tbl_cart` (`ct_id`, `pd_id`, `ct_qty`, `ct_session_id`, `ct_date`) VALUES
(7, 26, 1, '5ol6vuvk1a0agg7q2tqigvpm55', '2014-06-16 11:15:10');

-- --------------------------------------------------------

--
-- Структура таблицы `tbl_category`
--

CREATE TABLE IF NOT EXISTS `tbl_category` (
  `cat_id` int(10) unsigned NOT NULL AUTO_INCREMENT,
  `cat_parent_id` int(11) NOT NULL DEFAULT '0',
  `cat_mnu` smallint(5) NOT NULL,
  `cat_name` varchar(50) NOT NULL DEFAULT '',
  `cat_description` varchar(200) NOT NULL DEFAULT '',
  `cat_image` varchar(255) NOT NULL DEFAULT '',
  PRIMARY KEY (`cat_id`),
  KEY `cat_parent_id` (`cat_parent_id`),
  KEY `cat_name` (`cat_name`)
) ENGINE=MyISAM  DEFAULT CHARSET=utf8 AUTO_INCREMENT=69 ;

--
-- Дамп данных таблицы `tbl_category`
--

INSERT INTO `tbl_category` (`cat_id`, `cat_parent_id`, `cat_mnu`, `cat_name`, `cat_description`, `cat_image`) VALUES
(18, 0, 10, 'Keyshop.in.ua', 'Механические клавиатуры', '9916b9f804e55ee47265af0e646b023e.jpg'),
(21, 18, 10, 'Клавиатуры', 'Механические клавиатуры Ducky', '9adfd36368ee24b8d325fe9d5944f6ea.jpg'),
(24, 0, 1, 'Пневматические винтовки', 'Пневматические винтовки', '1e72e9ec1318aed7273311cee3811976.jpg'),
(25, 24, 1, 'Газо-пружинные', 'Пневматические винтовки с газовой пружиной\r\n  Главное отличие таких винтовок, это газовая пружина. Она дает неоспоримое приемущество перед обычной пружиной. Ресурс газовой пружины 10 000 - 40 000 выст', 'be86b0b72484bfdab4ef6631b832522a.jpg'),
(26, 24, 1, 'РСР (с предварительной накачкой)', 'Пневматические винтовки с предварительной накачкой PCP\r\n  Винтовки PCP это уникальный вид пневматики, которые стреляют за счет сжатого воздуха, который закачивается в специальный резервуар насосом выс', 'c3fcf74bbb856b52bd20567adc012d53.jpg'),
(27, 24, 1, 'Пружинно-поршневые', 'Пружинно-поршневые пневматические винтовки\r\n  Эти винтовки можно отнести к классическим, с них все начиналось. Пулю, грубо говоря, выталкивает пружина. Обычно такие винтовки имеют простой и надежный м', ''),
(28, 24, 1, 'Мультикомпрессионные', 'Мультикомпрессионные пневматические винтовки\r\n  Грубо говоря, это теже PCP. Отличаются только тем, что перед каждым выстрелом надо накачать баллон винтовки, это делается специальным рычагом на корпусе', 'd605e3185bc3e8ddd799ec9ccf3567fe.jpg'),
(29, 0, 1, 'Пневматические пистолеты', 'Пневматические пистолеты', '90e88e0318eda3c2e46d4093d0e2fa98.jpg'),
(30, 29, 1, 'Мультикомпрессионные', 'Мультикомпрессионные', '38216393f40623dd5c544a4f781e9d23.jpg'),
(31, 29, 1, 'Пружинно-поршневые', 'Пружинно-поршневые', '0311599aba4731d637bc90413d84d71f.jpg'),
(32, 29, 1, 'СО2', 'С сжатым газом СО2 в баллонах', 'e195da235010ac617189120f46e5e77b.jpg'),
(33, 0, 1, 'Револьверы под патрон флобера', 'Револьверы под патрон флобера', ''),
(34, 0, 1, 'Сигнальные пистолеты', 'Сигнальные пистолеты', ''),
(37, 18, 10, 'Аксессуары', 'Аксессуары к клавиатурам Ducky', '0c403aef5954f5809f9632fbc5f69aac.jpg'),
(38, 0, 1, 'Ножи и Точила', 'Ножи и Точила', ''),
(39, 0, 1, 'Боеприпасы', 'Боеприпасы', ''),
(40, 0, 1, 'Аксессуары', 'Аксессуары', ''),
(41, 0, 1, 'Макеты Массо-габаритные (ММГ)', 'Макеты Массо-габаритные (ММГ)', ''),
(42, 0, 2, 'Прицелы оптические', 'Прицелы оптические', ''),
(43, 0, 2, 'Прицелы коллиматорные', 'Прицелы коллиматорные', ''),
(44, 0, 2, 'Крепления для оптики', 'Крепления для оптики', ''),
(45, 0, 2, 'Лазерные целеуказатели', 'Лазерные целеуказатели', ''),
(46, 0, 2, 'Бинокли', 'Бинокли', ''),
(47, 0, 2, 'Монокуляры', 'Монокуляры', ''),
(48, 0, 2, 'Приборы Ночного Видения', 'Приборы Ночного Видения', ''),
(49, 0, 2, 'Трубы подзорные', 'Трубы подзорные', ''),
(50, 0, 2, 'Телескопы', 'Телескопы', ''),
(51, 0, 2, 'Дальномеры', 'Дальномеры', ''),
(53, 0, 3, 'Комбинезоны', 'Комбинезоны', ''),
(54, 0, 3, 'Костюмы', 'Костюмы', ''),
(55, 0, 3, 'Куртки', 'Куртки', ''),
(56, 0, 4, 'Ботинки', 'Ботинки', ''),
(57, 0, 4, 'Кроссовки', 'Кроссовки', ''),
(58, 0, 4, 'Сапоги', 'Сапоги', ''),
(59, 0, 4, 'Туфли', 'Туфли', ''),
(60, 0, 5, 'Газовые баллончики', 'Газовые баллончики', ''),
(61, 0, 5, 'Дубинки', 'Дубинки', ''),
(62, 0, 5, 'Наручники', 'Наручники', ''),
(63, 0, 5, 'Электрошокеры', 'Электрошокеры', ''),
(64, 0, 6, 'Фонари', 'Фонари', ''),
(65, 0, 6, 'Туризм', 'Туризм', ''),
(66, 0, 6, 'Арбалеты', 'Арбалеты', ''),
(67, 0, 6, 'Луки', 'Луки', ''),
(68, 0, 6, 'Рогатки', 'Рогатки', '');

-- --------------------------------------------------------

--
-- Структура таблицы `tbl_category_link`
--

CREATE TABLE IF NOT EXISTS `tbl_category_link` (
  `lnk_id` smallint(5) NOT NULL AUTO_INCREMENT,
  `cat_id` smallint(5) NOT NULL,
  `flt_id` smallint(5) NOT NULL,
  PRIMARY KEY (`lnk_id`)
) ENGINE=MyISAM  DEFAULT CHARSET=utf8 AUTO_INCREMENT=196 ;

--
-- Дамп данных таблицы `tbl_category_link`
--

INSERT INTO `tbl_category_link` (`lnk_id`, `cat_id`, `flt_id`) VALUES
(1, 31, 1),
(2, 31, 6),
(3, 31, 13),
(4, 31, 3),
(5, 31, 15),
(6, 31, 14),
(7, 31, 10),
(8, 31, 19),
(9, 31, 20),
(10, 31, 16),
(17, 31, 22),
(18, 31, 9),
(19, 31, 12),
(129, 31, 23),
(21, 30, 1),
(22, 30, 6),
(23, 30, 13),
(24, 30, 3),
(25, 30, 15),
(26, 30, 14),
(27, 30, 10),
(28, 30, 19),
(29, 30, 20),
(30, 30, 16),
(31, 30, 22),
(32, 30, 9),
(33, 30, 12),
(34, 30, 7),
(40, 21, 1),
(45, 21, 4),
(46, 21, 17),
(47, 21, 12),
(48, 21, 7),
(50, 25, 1),
(51, 25, 6),
(52, 25, 9),
(53, 25, 15),
(54, 25, 3),
(55, 25, 19),
(56, 25, 11),
(57, 25, 7),
(58, 25, 8),
(59, 25, 20),
(60, 25, 12),
(61, 25, 16),
(62, 25, 14),
(63, 25, 10),
(64, 25, 13),
(65, 27, 1),
(90, 27, 6),
(91, 27, 9),
(92, 27, 19),
(111, 28, 1),
(112, 28, 6),
(95, 27, 11),
(96, 27, 7),
(97, 27, 8),
(98, 27, 12),
(99, 27, 16),
(113, 28, 15),
(101, 27, 14),
(78, 26, 1),
(79, 26, 6),
(80, 26, 15),
(81, 26, 3),
(82, 26, 14),
(83, 26, 19),
(84, 26, 11),
(85, 26, 7),
(86, 26, 20),
(87, 26, 12),
(88, 26, 10),
(89, 26, 13),
(102, 27, 10),
(103, 27, 13),
(114, 28, 3),
(115, 28, 14),
(164, 32, 1),
(130, 31, 7),
(116, 28, 10),
(128, 28, 18),
(118, 28, 3),
(119, 28, 12),
(120, 28, 20),
(121, 28, 11),
(122, 28, 9),
(123, 28, 8),
(124, 28, 20),
(125, 28, 12),
(126, 28, 7),
(127, 28, 13),
(165, 32, 6),
(166, 32, 13),
(167, 32, 15),
(168, 32, 3),
(169, 32, 14),
(170, 32, 10),
(171, 32, 26),
(172, 32, 17),
(173, 32, 31),
(174, 32, 35),
(175, 32, 34),
(176, 32, 27),
(177, 32, 19),
(178, 32, 30),
(179, 32, 22),
(180, 32, 32),
(181, 32, 20),
(182, 32, 28),
(183, 32, 23),
(184, 32, 29),
(185, 32, 9),
(186, 32, 24),
(187, 32, 12),
(188, 32, 25),
(189, 32, 18),
(157, 32, 33),
(190, 32, 7);

-- --------------------------------------------------------

--
-- Структура таблицы `tbl_currency`
--

CREATE TABLE IF NOT EXISTS `tbl_currency` (
  `cy_id` int(10) unsigned NOT NULL AUTO_INCREMENT,
  `cy_code` char(3) NOT NULL DEFAULT '',
  `cy_symbol` varchar(8) NOT NULL DEFAULT '',
  PRIMARY KEY (`cy_id`)
) ENGINE=MyISAM  DEFAULT CHARSET=utf8 AUTO_INCREMENT=5 ;

--
-- Дамп данных таблицы `tbl_currency`
--

INSERT INTO `tbl_currency` (`cy_id`, `cy_code`, `cy_symbol`) VALUES
(1, 'EUR', '&#8364;'),
(2, 'ГРН', ' грн'),
(3, 'JPY', '&yen;'),
(4, 'USD', '$');

-- --------------------------------------------------------

--
-- Структура таблицы `tbl_filters`
--

CREATE TABLE IF NOT EXISTS `tbl_filters` (
  `flt_id` smallint(5) NOT NULL AUTO_INCREMENT,
  `flt_name` varchar(30) NOT NULL,
  PRIMARY KEY (`flt_id`)
) ENGINE=MyISAM  DEFAULT CHARSET=utf8 AUTO_INCREMENT=36 ;

--
-- Дамп данных таблицы `tbl_filters`
--

INSERT INTO `tbl_filters` (`flt_id`, `flt_name`) VALUES
(1, 'Производитель'),
(2, 'Модель'),
(3, 'Калибр'),
(26, 'Выстрелов с одной заправки'),
(5, 'Используемые материалы'),
(6, 'Страна-производитель'),
(7, 'Вес,кг'),
(8, 'Кратность(увеличение)'),
(9, 'Тип прицела'),
(10, 'Емкость магазина'),
(11, 'Материал приклада'),
(12, 'Длинна общая'),
(13, 'Тип пневматики'),
(14, 'Начальная скорость пули'),
(15, 'Тип боеприпасов'),
(16, 'Тип пружины'),
(17, 'Материал корпуса'),
(18, 'Источник энергии'),
(19, 'Тип взвода'),
(20, 'Предохранитель'),
(21, 'Тип заряда'),
(22, 'Материал рукояти'),
(23, 'Ствол'),
(24, 'Длина ствола'),
(25, 'Ширина планки'),
(27, 'Материал затвора/рамы'),
(28, 'Спуск'),
(29, 'Дульная энергия'),
(30, 'Режим огня'),
(31, 'Цвет корпуса'),
(32, 'Цвет рукояти'),
(34, 'BlowBack'),
(35, 'Затворная рама');

-- --------------------------------------------------------

--
-- Структура таблицы `tbl_filter_link`
--

CREATE TABLE IF NOT EXISTS `tbl_filter_link` (
  `lnk_id` smallint(5) NOT NULL AUTO_INCREMENT,
  `flt_id` smallint(5) NOT NULL,
  `val_id` smallint(5) NOT NULL,
  PRIMARY KEY (`lnk_id`)
) ENGINE=MyISAM  DEFAULT CHARSET=utf8 AUTO_INCREMENT=334 ;

--
-- Дамп данных таблицы `tbl_filter_link`
--

INSERT INTO `tbl_filter_link` (`lnk_id`, `flt_id`, `val_id`) VALUES
(1, 1, 1),
(2, 1, 2),
(3, 1, 3),
(4, 9, 4),
(5, 9, 5),
(6, 9, 6),
(7, 4, 7),
(8, 4, 8),
(9, 15, 9),
(10, 3, 10),
(11, 19, 11),
(12, 19, 12),
(13, 17, 13),
(14, 11, 14),
(15, 11, 15),
(16, 7, 16),
(17, 7, 17),
(18, 7, 18),
(19, 7, 19),
(20, 7, 20),
(21, 7, 21),
(22, 7, 22),
(23, 7, 23),
(24, 7, 24),
(25, 7, 25),
(26, 7, 26),
(27, 7, 27),
(28, 7, 28),
(29, 7, 29),
(30, 7, 30),
(31, 7, 31),
(32, 8, 32),
(33, 8, 33),
(34, 12, 34),
(35, 12, 35),
(36, 12, 36),
(37, 12, 37),
(38, 12, 38),
(39, 12, 39),
(40, 12, 40),
(41, 12, 41),
(42, 12, 42),
(43, 12, 43),
(44, 12, 44),
(45, 12, 45),
(46, 12, 46),
(47, 12, 47),
(48, 12, 48),
(49, 20, 49),
(50, 20, 50),
(51, 20, 51),
(52, 16, 52),
(53, 14, 53),
(54, 14, 54),
(55, 14, 55),
(56, 14, 56),
(57, 14, 57),
(58, 14, 58),
(59, 14, 59),
(60, 14, 60),
(61, 13, 61),
(62, 6, 62),
(63, 6, 63),
(64, 6, 64),
(65, 10, 65),
(66, 1, 66),
(67, 1, 67),
(68, 1, 68),
(69, 1, 69),
(70, 1, 70),
(71, 1, 71),
(72, 1, 72),
(73, 6, 73),
(74, 6, 74),
(75, 6, 75),
(76, 6, 76),
(77, 7, 77),
(78, 7, 78),
(79, 7, 79),
(80, 7, 25),
(81, 7, 81),
(82, 7, 82),
(83, 7, 83),
(84, 10, 84),
(85, 10, 85),
(86, 10, 86),
(87, 12, 87),
(88, 12, 88),
(89, 12, 89),
(90, 12, 90),
(91, 12, 91),
(92, 12, 92),
(93, 12, 93),
(94, 12, 94),
(95, 13, 95),
(96, 13, 96),
(97, 14, 97),
(98, 14, 98),
(99, 14, 99),
(100, 14, 100),
(101, 14, 101),
(102, 14, 102),
(103, 18, 103),
(104, 19, 104),
(105, 20, 105),
(106, 1, 106),
(107, 1, 107),
(108, 1, 108),
(109, 1, 109),
(110, 1, 110),
(111, 1, 111),
(112, 6, 112),
(113, 6, 113),
(114, 9, 114),
(115, 9, 115),
(116, 8, 116),
(117, 8, 117),
(118, 8, 118),
(119, 10, 119),
(120, 10, 120),
(121, 10, 121),
(122, 10, 122),
(123, 10, 123),
(124, 0, 124),
(125, 7, 124),
(126, 7, 126),
(127, 7, 127),
(128, 7, 128),
(129, 7, 129),
(130, 7, 130),
(131, 7, 131),
(132, 7, 132),
(133, 7, 133),
(134, 7, 134),
(135, 7, 135),
(136, 7, 136),
(137, 7, 137),
(138, 7, 138),
(139, 7, 139),
(140, 7, 140),
(141, 7, 141),
(142, 7, 142),
(143, 7, 143),
(144, 12, 144),
(145, 12, 145),
(146, 12, 146),
(147, 12, 147),
(148, 12, 148),
(149, 12, 149),
(150, 12, 150),
(151, 12, 151),
(152, 12, 152),
(153, 12, 153),
(154, 12, 154),
(155, 12, 155),
(156, 12, 156),
(157, 12, 157),
(158, 12, 158),
(159, 12, 159),
(160, 12, 160),
(161, 12, 161),
(162, 12, 162),
(163, 12, 163),
(164, 12, 164),
(165, 12, 165),
(166, 12, 166),
(167, 12, 167),
(168, 12, 168),
(169, 12, 169),
(170, 12, 170),
(171, 12, 171),
(172, 15, 172),
(173, 15, 173),
(174, 16, 174),
(175, 19, 175),
(176, 19, 176),
(177, 14, 177),
(178, 14, 178),
(179, 14, 179),
(180, 14, 180),
(181, 14, 181),
(182, 14, 182),
(183, 14, 183),
(184, 14, 184),
(185, 14, 185),
(186, 14, 186),
(187, 14, 187),
(188, 14, 188),
(189, 14, 189),
(190, 14, 190),
(191, 14, 191),
(192, 14, 192),
(193, 14, 193),
(194, 14, 194),
(195, 14, 195),
(196, 14, 196),
(197, 14, 197),
(198, 14, 198),
(199, 14, 199),
(200, 14, 200),
(201, 14, 201),
(202, 14, 202),
(203, 1, 203),
(204, 17, 15),
(205, 10, 205),
(206, 13, 206),
(207, 12, 207),
(208, 12, 208),
(209, 12, 209),
(210, 12, 210),
(211, 12, 211),
(212, 12, 212),
(213, 8, 213),
(214, 7, 214),
(215, 7, 215),
(216, 7, 216),
(217, 4, 217),
(218, 22, 15),
(219, 22, 14),
(220, 1, 220),
(221, 1, 221),
(222, 6, 222),
(223, 14, 223),
(225, 10, 225),
(226, 18, 226),
(227, 20, 227),
(228, 12, 228),
(229, 14, 229),
(230, 12, 230),
(231, 7, 231),
(232, 14, 232),
(233, 7, 233),
(234, 7, 233),
(235, 7, 235),
(236, 12, 236),
(237, 1, 237),
(238, 12, 238),
(239, 7, 239),
(240, 7, 240),
(241, 23, 241),
(242, 12, 242),
(243, 9, 0),
(244, 9, 0),
(245, 9, 245),
(246, 7, 246),
(247, 12, 245),
(248, 1, 248),
(249, 6, 249),
(250, 14, 250),
(251, 12, 251),
(252, 3, 252),
(253, 34, 50),
(254, 34, 254),
(255, 23, 255),
(256, 1, 256),
(257, 1, 257),
(258, 1, 258),
(259, 6, 259),
(260, 26, 260),
(261, 26, 261),
(262, 17, 262),
(263, 31, 7),
(264, 7, 264),
(265, 24, 265),
(266, 12, 266),
(267, 30, 267),
(268, 25, 268),
(269, 25, 269),
(270, 29, 270),
(271, 28, 271),
(272, 32, 272),
(273, 27, 262),
(274, 35, 274),
(275, 33, 0),
(276, 19, 276),
(277, 14, 277),
(278, 35, 278),
(279, 23, 279),
(280, 29, 280),
(281, 24, 281),
(282, 7, 282),
(283, 12, 283),
(284, 32, 7),
(285, 10, 285),
(286, 12, 286),
(287, 24, 287),
(288, 29, 288),
(289, 7, 289),
(290, 26, 290),
(291, 10, 285),
(292, 14, 292),
(293, 10, 291),
(294, 27, 15),
(295, 22, 295),
(296, 30, 49),
(297, 30, 297),
(298, 15, 298),
(299, 15, 299),
(300, 26, 300),
(301, 24, 301),
(302, 12, 302),
(303, 7, 303),
(304, 1, 304),
(305, 1, 305),
(306, 10, 306),
(307, 7, 307),
(308, 24, 308),
(309, 1, 309),
(310, 10, 310),
(311, 26, 311),
(312, 7, 312),
(313, 12, 313),
(314, 24, 314),
(315, 9, 315),
(316, 7, 316),
(317, 12, 317),
(318, 24, 318),
(319, 10, 319),
(320, 26, 320),
(321, 7, 321),
(322, 24, 322),
(323, 12, 323),
(324, 30, 324),
(325, 14, 325),
(326, 1, 326),
(327, 6, 257),
(328, 24, 328),
(329, 12, 329),
(330, 7, 330),
(331, 29, 331),
(332, 10, 332),
(333, 14, 333);

-- --------------------------------------------------------

--
-- Структура таблицы `tbl_filter_value`
--

CREATE TABLE IF NOT EXISTS `tbl_filter_value` (
  `val_id` smallint(5) NOT NULL AUTO_INCREMENT,
  `val_value` varchar(30) NOT NULL,
  PRIMARY KEY (`val_id`)
) ENGINE=MyISAM  DEFAULT CHARSET=utf8 AUTO_INCREMENT=334 ;

--
-- Дамп данных таблицы `tbl_filter_value`
--

INSERT INTO `tbl_filter_value` (`val_id`, `val_value`) VALUES
(1, 'Crosman'),
(2, 'Gamo'),
(3, 'Magtech'),
(4, 'Оптический'),
(5, 'Прицельная планка и мушка'),
(6, 'Целик и мушка'),
(7, 'Черный'),
(8, 'Коричневый'),
(9, 'Свинцовые пули'),
(10, '4,5 мм'),
(11, 'Перелом ствола'),
(12, 'Подствольный рычаг'),
(13, 'Металл'),
(14, 'Дерево'),
(15, 'Пластик'),
(16, '2,5 кг'),
(17, '2,85 кг'),
(18, '2,8 кг'),
(19, '2,9 кг'),
(20, '3,0 кг'),
(21, '3,1 кг'),
(22, '3,12 кг'),
(23, '3,2 кг'),
(24, '3,28 кг'),
(25, '3,3 кг'),
(26, '3,38 кг'),
(27, '3,5 кг'),
(28, '3,6 кг'),
(29, '3,8 кг'),
(30, '4,0 кг'),
(31, '4,15 кг'),
(32, '3 - 9x'),
(33, '4x32'),
(34, '1070 мм'),
(35, '1090 мм'),
(36, '1092 мм'),
(37, '1100 мм'),
(38, '1110 мм'),
(39, '1115 мм'),
(40, '1130 мм'),
(41, '1143 мм'),
(42, '1150 мм'),
(43, '1160 мм'),
(44, '1165 мм'),
(45, '1170 мм'),
(46, '1180 мм'),
(47, '1190 мм'),
(48, '1220 мм'),
(49, 'Автоматический'),
(50, 'Есть'),
(51, 'Ручной'),
(52, 'Газовая пружина'),
(53, '280 м/с'),
(54, '305 м/с'),
(55, '320 м/с'),
(56, '350 м/с'),
(57, '365 м/с'),
(58, '366 м/с'),
(59, '380 м/с'),
(60, '400 м/с'),
(61, 'Пружинно-поршневая'),
(62, 'Бразилия'),
(63, 'Испания'),
(64, 'США'),
(65, '1'),
(66, 'BSA'),
(67, 'FX'),
(68, 'Gunpower'),
(69, 'KalibrGun'),
(70, 'Norica'),
(71, 'STEYR'),
(72, 'Weinrauch'),
(73, 'Великобритания'),
(74, 'Германия'),
(75, 'Чехия'),
(76, 'Швеция'),
(77, '2,3 кг'),
(78, '2,4 кг'),
(79, '3,25 кг'),
(80, '3,3 кг'),
(81, '3,4 кг'),
(82, '3,9 кг'),
(83, '4,6 кг'),
(84, '10'),
(85, '14'),
(86, '16'),
(87, '1050 мм'),
(88, '1080 мм'),
(89, '620 мм'),
(90, '840 мм'),
(91, '970 мм'),
(92, '975 мм'),
(93, '980 мм'),
(94, '990 мм'),
(95, 'Компрессионная'),
(96, 'Мультикомпрессионная'),
(97, '275 м/с'),
(98, '285 м/с'),
(99, '300 м/с'),
(100, '325 м/с'),
(101, '330 м/с'),
(102, '335 м/с'),
(103, 'Сжатый воздух'),
(104, 'Затвор'),
(105, 'Отсутствует'),
(106, 'Borwning'),
(107, 'Cometa'),
(108, 'Diana'),
(109, 'Hatsan'),
(110, 'Stoeger'),
(111, 'ИЖ'),
(112, 'Россия'),
(113, 'Турция'),
(114, 'Диоптрический'),
(115, 'Коллиматорный'),
(116, '4 - 20x'),
(117, '4x'),
(118, '4x15'),
(119, '18'),
(120, '21'),
(121, '5'),
(122, '8'),
(123, '700'),
(124, '1,25 кг'),
(125, '1,25 кг'),
(126, '1,31 кг'),
(127, '1,4 кг'),
(128, '1,98 кг'),
(129, '1,67 кг'),
(130, '2,0 кг'),
(131, '2,1 кг'),
(132, '2,23 кг'),
(133, '2,49 кг'),
(134, '2,6 кг'),
(135, '2,7 кг'),
(136, '2,73 кг'),
(137, '2,77 кг'),
(138, '2,95 кг'),
(139, '3,7 кг'),
(140, '4,1 кг'),
(141, '4,2 кг'),
(142, '4,3 кг'),
(143, '4,58 кг'),
(144, '1020 мм'),
(145, '1030 мм'),
(146, '1040 мм'),
(147, '1060 мм'),
(148, '1085 мм'),
(149, '1112 мм'),
(150, '1114 мм'),
(151, '1120 мм'),
(152, '1125 мм'),
(153, '1140 мм'),
(154, '1155 мм'),
(155, '1163 мм'),
(156, '1195 мм'),
(157, '1210 мм'),
(158, '1230 мм'),
(159, '1232 мм'),
(160, '1270 мм'),
(161, '650 мм'),
(162, '775 мм'),
(163, '845 мм'),
(164, '889 мм'),
(165, '900 мм'),
(166, '921 мм'),
(167, '927 мм'),
(168, '930 мм'),
(169, '933 мм'),
(170, '940 мм'),
(171, '977 мм'),
(172, 'Шарики'),
(173, 'Шарики и свинцовые пули'),
(174, 'Витая пружина'),
(175, 'Скоба Генри'),
(176, 'Электромеханический'),
(177, '100 м/с'),
(178, '130 м/с'),
(179, '137 м/с'),
(180, '150 м/с'),
(181, '160 м/с'),
(182, '170 м/с'),
(183, '175 м/с'),
(184, '180 м/с'),
(185, '190 м/с'),
(186, '191 м/с'),
(187, '195 м/с'),
(188, '200 м/с'),
(189, '207 м/с'),
(190, '220 м/с'),
(191, '230 м/с'),
(192, '240 м/с'),
(193, '245 м/с'),
(194, '250 м/с'),
(195, '260 м/с'),
(196, '265 м/с'),
(197, '290 м/с'),
(198, '312 м/с'),
(199, '315 м/с'),
(200, '340 м/с'),
(201, '360 м/с'),
(202, '427 м/с'),
(203, 'UMAREX'),
(204, 'Пластик'),
(205, '12'),
(206, 'Газобалонная CO2'),
(207, '570 мм'),
(208, '591 мм'),
(209, '780 мм'),
(210, '838 мм'),
(211, '863 мм'),
(212, '937 мм'),
(213, '6 - 42x'),
(214, '1,05 кг'),
(215, '1,61 кг'),
(216, '1,635 кг'),
(217, 'Бежевый'),
(218, 'Пластик'),
(219, 'Дерево'),
(220, 'Ducky'),
(221, 'Ducky2'),
(222, 'Украина'),
(223, '355 м/с'),
(225, '41'),
(226, 'баллон СО2'),
(227, 'Неавтоматический'),
(228, '1010 мм'),
(229, '183 м/с'),
(230, '346 мм'),
(231, '0,91 кг'),
(232, '120 м/с'),
(241, 'Стальной нарезной'),
(240, '1,2 кг'),
(235, '0,88 кг'),
(236, '275 мм'),
(237, 'Zoraki'),
(238, '300 мм'),
(239, '1,1 кг'),
(242, '330 мм'),
(243, 'Оптоволоконная мушка и регулир'),
(244, 'Оптоволоконная мушка и регулир'),
(267, 'Полуавтоматический'),
(246, '1,56 кг'),
(247, '406 мм'),
(248, 'E-XTRA'),
(249, 'Китай'),
(250, '105 м/с'),
(251, '350 мм'),
(252, '4 мм'),
(253, 'Есть'),
(254, 'Нет'),
(255, 'Латунный гладкий'),
(256, ''),
(257, 'Дания'),
(258, 'KWC'),
(259, 'Тайвань'),
(260, '80-100'),
(261, '60-80'),
(262, 'Сплав'),
(263, 'Черный'),
(264, '0,79 кг'),
(265, '89 мм'),
(266, '158 мм'),
(268, '11 мм'),
(269, '22 мм'),
(270, '2,5 Дж'),
(271, 'Нерегулируемый'),
(272, 'Коричневый'),
(273, 'Сплав'),
(274, 'Неподвижная'),
(275, 'Пистолет, ключ для поджатия ба'),
(276, 'Двойного действия'),
(277, '125 м/с'),
(278, 'Подвижная'),
(279, 'Стальной гладкий'),
(280, '3 Дж'),
(281, '116 мм'),
(282, '0.98 кг'),
(283, '203 мм'),
(284, 'Черный'),
(292, '146.3 м/с'),
(286, '171.5 мм'),
(287, '135 мм'),
(288, '3.5 Дж'),
(289, '0,5 кг'),
(290, '100 и более'),
(291, '19'),
(293, '19'),
(294, 'Пластик'),
(295, 'Резина'),
(296, 'Автоматический'),
(297, 'Одиночный'),
(298, 'Патрон Флобера'),
(299, 'Шумовые патроны'),
(300, '80'),
(301, '96 мм'),
(302, '190 мм'),
(303, '0,6 кг'),
(304, 'SAS'),
(305, 'Borner'),
(306, '15'),
(307, '0,35 кг'),
(308, '110 мм'),
(309, 'Gletcher'),
(310, '22'),
(311, '70'),
(312, '1,04 кг'),
(313, '220 мм'),
(314, '105 мм'),
(315, 'Регулируемый целик и мушка'),
(316, '0,9 кг'),
(317, '212 мм'),
(318, '102 мм'),
(319, '25'),
(320, '50'),
(321, '2,2 кг'),
(322, '165 мм'),
(323, '615 мм'),
(324, 'Одиночный, Автоматический'),
(325, '110 м/с'),
(326, 'ASG'),
(327, 'Дания'),
(328, '92,5 мм'),
(329, '185 мм'),
(330, '0,595 кг'),
(331, '2,7 Дж'),
(332, '17'),
(333, '116 м/с');

-- --------------------------------------------------------

--
-- Структура таблицы `tbl_order`
--

CREATE TABLE IF NOT EXISTS `tbl_order` (
  `od_id` int(10) unsigned NOT NULL AUTO_INCREMENT,
  `od_date` datetime DEFAULT NULL,
  `od_last_update` datetime NOT NULL DEFAULT '0000-00-00 00:00:00',
  `od_status` enum('New','Paid','Shipped','Completed','Cancelled') NOT NULL DEFAULT 'New',
  `od_memo` varchar(255) NOT NULL DEFAULT '',
  `od_shipping_first_name` varchar(50) NOT NULL DEFAULT '',
  `od_shipping_address1` varchar(100) NOT NULL DEFAULT '',
  `od_shipping_phone` varchar(32) NOT NULL DEFAULT '',
  `od_shipping_city` varchar(100) NOT NULL DEFAULT '',
  `od_shipping_cost` decimal(5,2) DEFAULT '0.00',
  `od_user_id` int(4) NOT NULL,
  `od_shipping` varchar(4) NOT NULL,
  PRIMARY KEY (`od_id`)
) ENGINE=MyISAM  DEFAULT CHARSET=utf8 AUTO_INCREMENT=3 ;

--
-- Дамп данных таблицы `tbl_order`
--

INSERT INTO `tbl_order` (`od_id`, `od_date`, `od_last_update`, `od_status`, `od_memo`, `od_shipping_first_name`, `od_shipping_address1`, `od_shipping_phone`, `od_shipping_city`, `od_shipping_cost`, `od_user_id`, `od_shipping`) VALUES
(1, '2014-05-11 20:27:03', '2014-05-11 20:27:03', 'New', 'Asfas@sdfaasdf.rr', 'Asdfasdf', '', '545454545151', 'Sdafasdf', '5.00', 0, 'cod'),
(2, '2014-05-31 21:41:52', '2014-05-31 21:41:52', 'New', 'Chaos.laert@gmail.com', 'Артем Петренко', '', '0509221571', 'Днепропетровск', '5.00', 15, 'cod');

-- --------------------------------------------------------

--
-- Структура таблицы `tbl_order_item`
--

CREATE TABLE IF NOT EXISTS `tbl_order_item` (
  `od_id` int(10) unsigned NOT NULL DEFAULT '0',
  `pd_id` int(10) unsigned NOT NULL DEFAULT '0',
  `od_qty` int(10) unsigned NOT NULL DEFAULT '0',
  PRIMARY KEY (`od_id`,`od_qty`)
) ENGINE=MyISAM DEFAULT CHARSET=utf8;

--
-- Дамп данных таблицы `tbl_order_item`
--

INSERT INTO `tbl_order_item` (`od_id`, `pd_id`, `od_qty`) VALUES
(1, 8, 1),
(2, 5, 1);

-- --------------------------------------------------------

--
-- Структура таблицы `tbl_product`
--

CREATE TABLE IF NOT EXISTS `tbl_product` (
  `pd_id` int(10) unsigned NOT NULL AUTO_INCREMENT,
  `cat_id` int(10) unsigned NOT NULL DEFAULT '0',
  `pd_name` varchar(100) NOT NULL DEFAULT '',
  `pd_description` text NOT NULL,
  `pd_price` decimal(9,2) NOT NULL DEFAULT '0.00',
  `pd_qty` smallint(5) unsigned NOT NULL DEFAULT '0',
  `pd_image` varchar(200) DEFAULT NULL,
  `pd_thumbnail` varchar(200) DEFAULT NULL,
  `pd_img_dir` varchar(200) DEFAULT NULL,
  `pd_img_cnt` int(10) NOT NULL,
  `pd_date` datetime NOT NULL DEFAULT '0000-00-00 00:00:00',
  `pd_last_update` datetime NOT NULL DEFAULT '0000-00-00 00:00:00',
  PRIMARY KEY (`pd_id`),
  KEY `cat_id` (`cat_id`),
  KEY `pd_name` (`pd_name`)
) ENGINE=MyISAM  DEFAULT CHARSET=utf8 AUTO_INCREMENT=38 ;

--
-- Дамп данных таблицы `tbl_product`
--

INSERT INTO `tbl_product` (`pd_id`, `cat_id`, `pd_name`, `pd_description`, `pd_price`, `pd_qty`, `pd_image`, `pd_thumbnail`, `pd_img_dir`, `pd_img_cnt`, `pd_date`, `pd_last_update`) VALUES
(2, 21, 'Ducky Shine 3 Tuhaojin', 'Эксклюзив 2014-го года - выпущено всего 999 штук!', '250.00', 0, 'e19bb3856738b80ac3c8873232cce6ac.jpg', 'a16d1fdb378db3dc3cc2f0564e045adc.jpg', 'tuhaojin', 8, '2014-02-26 13:54:17', '0000-00-00 00:00:00'),
(3, 21, 'Ducky Shine 3 DK9008', 'Топовая модель линейки с регулируемым уровнем и цветом подсветки.', '149.00', 2, '2c975665f88c971cbdd5230783f1bc07.jpg', '8ea5826da6baf7475a4efc1ea856d19f.jpg', 'DK9008', 13, '2014-02-26 13:54:59', '0000-00-00 00:00:00'),
(4, 37, 'Ducky Wrist Rest', 'Полноразмерная подставка под ладони. Сделана из натуральной кожи.', '25.00', 1, 'ad503b30c4033b70124ec3c15c01aec7.jpg', '2bcd838cd73a3b71f9a71c617fb97341.jpg', 'access', 4, '2014-02-26 15:35:00', '0000-00-00 00:00:00'),
(5, 21, 'Ducky Shine 3 DK9087', 'Топовая модель линейки с регулируемым уровнем и цветом подсветки. Без цифрового блока.', '131.00', 0, '79258f83428cb4650bee754ff5903f9a.jpg', '888f7b91e7eff8052704c59191ad3253.jpg', 'DK9087', 6, '2014-02-26 16:44:53', '0000-00-00 00:00:00'),
(6, 21, 'Ducky Zero DK2108S', 'Высокое качество по доступной цене! Теперь с подсветкой.', '131.00', 5, '02bcf6e7c545436ae98cdb0c4f927c8b.jpg', '59b5fdae81cba8084d74c9a3594b0b7a.jpg', 'DK2108S', 8, '2014-02-26 16:46:40', '0000-00-00 00:00:00'),
(7, 21, 'Ducky Zero DK2108', 'Высокое качество по доступной цене!', '107.00', 8, '89d111b3e26c1eff09c05f388e1e9ed8.jpg', '9bcf0554a8c6ccb3eb283d38f4fb74f4.jpg', 'DK2108', 7, '2014-02-26 16:48:05', '0000-00-00 00:00:00'),
(8, 21, 'Ducky Zero DK2087', 'Высокое качество по доступной цене!  Без цифрового блока.', '101.00', 0, 'f2bcb880208c13f7e795976ab00f8973.jpg', '38a55fdd152d721f385094766aabe5e4.jpg', 'DK2087', 7, '2014-02-26 16:48:48', '0000-00-00 00:00:00'),
(9, 25, 'Crosman Trail NP XL 1500', 'Benjamin Trail NP XL 1500 топовая винтовка переломного типа от Crossman. Винтовка резко выделяется среди других переломок так как имеет массивный надульник, пистолетную рукоять и массивную планку для крепления оптики. Trail NP XL 1500 относится к винтовкам магнум класса и имеет большую начальную скорость пули, при этом отдача у данной модели не столь велика как у ее собратьев с витой пружиной.  Ложе качественно отделано, имеет щеку Монте-Карло и рассчитано как на правшу, так и левшу, затыльник вентилируемый. На винтовке предусмотрено крепление для наплечного ремня, который входит в комплект поставки. Также в комплект поставки входит прицел с переменной кратностью Center-Point 3-9x40.', '474.00', 1, 'd253df2216e6cf48a11912126f1cd3da.jpg', 'ff7d0b40f44ab13baa8fc5ae179eee05.jpg', NULL, 0, '2014-06-06 10:20:23', '0000-00-00 00:00:00'),
(10, 25, 'MAGTECH N2 EXTREME 1300', 'Пружинно-поршневая', '406.25', 1, '2696da17a91b16884d3f2881af38255d.jpg', '2c1c51f12aa3c595bec36cd9af13c586.jpg', NULL, 0, '2014-06-06 11:03:24', '0000-00-00 00:00:00'),
(12, 26, 'Hatsan AT44-10 Long', 'Удлиненная версия проверенного временем Hatsan AT44-10, в Longверсии винтовки удлинен ствол, увеличен объем резервуара на 50 кубиков, дульная энергия по сравнению со стандартной Hatsan AT 44 возросла на 6дж(30м/с). По всем параметрам Hatsan AT44-10 Long близок к серии винтовок Hatsan BT, которая является дальнейшим развитием серии PCP винтовок Hatsan. Универсальная планка на 11 и 22 мм.', '586.00', 1, 'd864bf8e23434b56eb527f856541cb3b.jpg', '4e3b31d65fcb04f05fae6cd77a8065c6.jpg', NULL, 0, '2014-06-10 11:15:42', '0000-00-00 00:00:00'),
(11, 25, 'GAMO CFR WHISPER IGT', 'Мощная пневматическая винтовка со стильным тактическим дизайном. Начальная скорость пули составляет 305 м/с, чего вполне достаточно для спортивной, развлекательной и целевой стрельбы.\r\nВинтовка Gamo CFR Whisper IGT имеет фиксированный, стальной, нарезной ствол. Взвод производится подствольным рычагом. В качестве прицельного механизма выступает прицельная планка и мушка с фибергласовыми нитям. Так же, винтовка укомплектована наствольным компенсатором для обеспечения стабильной и точной стрельбы.', '431.70', 1, '54c63241b23d1daf51927110ae52e3e7.jpg', '8af8b4aceaadb34ea1fdc6d1a67b2651.jpg', NULL, 0, '2014-06-06 11:24:17', '0000-00-00 00:00:00'),
(13, 26, 'Crosman Benjamin', 'невматическая винтовка Crosman PCP BP1K77GP Benjamin Discovery – идеальное решение для подарка, периодической развлекательной стрельбы или для начинающих метких стрелков. Винтовка отлично сбалансирована и по размерам подойдет как взрослому мужчине так и среднему ребенку.\r\n\r\nВыстрел происходит за счет сжатого газа, закачанного в специальный резервуар под высоким давлением. Такой способ действия обеспечивает не только высокую мощность винтовки, но и потрясающую точность выстрела. Зарядка резервуара воздухом или СО2 происходит при помощи насоса, хватает ее примерно на 40 выстрелов.\r\n\r\nВысокая точность винтовки позволяет практиковаться в стрельбе на дистанциях вплоть до 90 метров.\r\n\r\nВинтовка поставляется в комплекте с насосом высокого давления.', '602.80', 1, '7fd5346352797e86732796623ce0a374.jpg', 'fe98e7c289b4e48925fc5a3a56dc5684.jpg', NULL, 0, '2014-06-11 08:21:27', '0000-00-00 00:00:00'),
(14, 26, 'STEYR MATCH LG-110 AUFGELEGT', 'С этим оружием Вы тоже установите свои все нынешние рекорды!\r\n\r\nРазработано стрелками спортсменами для самих спортсменов и собирается вручную - STEYR LG 110 MATCH можно по праву назвать как - новое измерение матчевых винтовок. Эта же винтовка обладает все тем, в чем нуждается стрелок на рубеже и на соревнованиях: превосходная прикладка, настройка под индивидуальные требования в считанные секунды и безукоризненная точность! \r\n\r\nХарактерные отличия:\r\n\r\n- Конструкция, исключающая внутренние вибрации\r\n- Автоматический оригинальный стабилизатор STEYR устраняет подскок ствола во время выстрела\r\n- Революционная возможность бокового смещения приклада\r\n-Возможность тренировки вхолостую: в любой момент и без вспомогательных инструментов\r\n-Поворот рукоятки во многих плоскостях\r\n-В секунды комфортно настраиваемый спусковой механизм\r\n-Бесступенчато настраиваемый триммер приклада\r\n-Примерно 450 выстрелов (7,5 Дж. Макс.) - нет равных в своем роде\r\n-Уже в серийной комплектации:\r\nгрузы на стволе и ложе, возможность наращивания высоты положения прицельных приспособлений', '3586.00', 1, '67c36ebb27405fff1a1da05d5f3b7d56.jpg', '030e2a1de00ddc5e265629b6a7451c63.jpg', NULL, 0, '2014-06-11 09:00:29', '0000-00-00 00:00:00'),
(17, 27, 'Weihrauch HW 98', 'Винтовка произведена в Германии, это уже о многом говорит, да еще и не малоизвестной компанией Weihrauch.  Стволы этой компании на столько точные, что даже другие производители их устанавливают в свою продукцию.\r\n  Винтовка позиционируется как спортивная. Для удобства стрельбы можно отрегулировать щеку на прикладе и затыльник. Ложе изготовлено из качественного дерева идеально ложится в руку, а на нижней части специальное шероховатое покрытие, чтобы обеспечить крепкий хват. Скорость вылета пули составляет 290 м/с, а энергия 20 Дж.. Нарезной ствол изготовлен из оружейной стали и имеет 12 нарезов по часовой стрелке. После выстрела на свинцовой пуле остаются ярко выраженные нарезы. Для выстрела необходимо переловить ствол и зарядить свинцовую пулю 4,5 мм. Перед стрельбой необходимо снять предохранитель на который винтовка ставится автоматически во время взвода. Хорошая особенность это регулируемый спуск крючка. При желании, можно установить оптический прицел на ласточкин хвост 11 мм.', '722.40', 1, '43563075735babf1ffa130c603ed9379.jpg', '3e417f2c1906536008734258753a352b.jpg', NULL, 0, '2014-06-11 10:28:50', '0000-00-00 00:00:00'),
(16, 27, 'STOEGER X50 WOOD STOCK COMBO С ПРИЦЕЛОМ 3-9Х40', 'Ложе винтовки Stoeger Х50  имеет насечки на рукоятке и цевье для лучшего удержания оружия при стрельбе, "щеку" на прикладе и резиновый затыльник - для удобной и комфортной стрельбы.\r\nВинтовка является аналогом испанской Gamo Hunter 440, однако выполнена на более высоком уровне и с большим количеством стальных деталей.\r\n Ствол длиной 50 см имеет 12 правосторонних нарезов, в конце ствола чок для стабилизации пули. В казеной части ствола установлено уплотнительное кольцо, обеспечивающую герметизацию узла компрессор-ствол в момент выстрела.\r\nНа конце ствола одет надульник, защищающий переднюю фаску и облегчающий перезаряжание. Открытые прицельные приспособления снабжены цветными вставками — красной в мушке и зелеными в целике. Мушка закрыта намушником, предохраняющим от случайных ударов. Диаметр мушки и ширина прорези грамотно подобраны, прицеливание очень удобное и комфортное.\r\nНа компрессоре отфрезерованы пазы «ласточкин хвост» для крепления оптики', '299.00', 1, '0fb1dce97e50174a2c8f586e0fbcf0c1.jpg', '5ff93333fec978edd39627892db273c1.jpg', NULL, 0, '2014-06-11 09:35:36', '0000-00-00 00:00:00'),
(18, 27, 'NORICA STORM 4.5', 'Винтовка Storm является самой мощной среди остальных членов семейства Norica. На стволе имеется надульник-утяжелитель, повышающий точность выстрела. Прицельные приспособления подсвечены двухцветными фибергласовыми вставками. Деревянное ложе имеет насечку в шотландском стиле. На прикладе «Монте Карло» установлен толстый эластичный амортизатор. На мушке установлена стальная защитная втулка. Предохранитель – автоматический, расположенный перед спусковым крючком.', '353.00', 1, '50e8729a036d11485c2b8f3546b56e5a.jpg', '320e59d059c1a0145ef98265df1f0849.jpg', NULL, 0, '2014-06-11 10:57:41', '0000-00-00 00:00:00'),
(20, 28, 'Crosman M4', '   Пневматическая винтовка Crosman M 417 - мультикомпрессионная винтовка (накачивается подствольным рычагом) способная стрелять как стальными шариками ВВ, так и свинцовыми пульками. Стальной нарезной ствол позволяет вести стрельбу с высокой точностью. Перезарядка болтового типа. Винтовка имеет 5-и зарядный магазин для свинцовых пулек и резервуар на 350 шариков ВВ. Корпус изготовлен из прочной пластмассы.', '79.40', 1, 'ce7bbc78f78caecc86d0e92ca84a063e.jpg', '0d4bf5d0b609219824fee018d3a1c032.jpg', NULL, 0, '2014-06-11 11:51:52', '0000-00-00 00:00:00'),
(21, 28, 'МР5 К-PDW', '5.8159 АВТОМАТ МР5 К-PDW', '191.25', 1, 'dd3dbffc5fcdfa8c05fa769a2add5b9a.jpg', 'ab1064dbc1917bff75fc5291c855b30f.jpg', NULL, 0, '2014-06-11 12:20:22', '0000-00-00 00:00:00'),
(22, 28, 'Crosman"Classic" 2100B', 'Лёгкая мультикомпрессионная винтовка (т.е. выстрел происходит за счёт воздуха, предварительно накачанного рычагом, который находится под стволом).\r\nКоличество качков - от 3 (~130 м/с) до 10 (230 м/с).\r\nПрицельная планка регулируется по вертикали (ступенчато) и горизонтали. Снабжена не автоматическим предохранителем.', '111.60', 1, '31e3ae029357bc663b9dfa65f2e449f8.jpg', 'b674d94325e8504a46781d80f2eadfd4.jpg', NULL, 0, '2014-06-11 12:30:43', '0000-00-00 00:00:00'),
(23, 30, 'Crosman American Classic 1377С', 'Пневматический пистолет Crosman 1377C American Classic калибра 4,5 мм с пластиковой рукоятью. Имеет нарезной стальной ствол и регулируемый механизм наводки прицела. Заряд пистолета происходит благодаря рычагу закрепленному под стволом ,путем накачки воздуха в резервуар, от количества качков напрямую зависит сила выстрела\r\n  Пневматические пистолеты фирмы Crosman - довольно популярны благодаря своей неприхотливости и низким ценам. Crosman является крупным производителем пневматического оружия в США и аксессуаров к нему.', '76.00', 1, 'f81442e61d43d5ade26e27eabf4967c1.jpg', '76856d1cbcf30f41b8e256558173645d.jpg', NULL, 0, '2014-06-11 15:08:58', '0000-00-00 00:00:00'),
(24, 30, 'GAMO PR-45', 'Испанский пневматический пистолет мультикомпрессионного типа. Функционирует он по следующей схеме: воздух накачивается в резервуар рычагом, который расположен под стволом. За счет его резкого выпуска производится выстрел. Желательно в заряженном состоянии вручную устанавливать предохранитель. Ствол пистолета из стали. Не забывайте, что любое оружие требует соблюдения повышенных требований безопасности. Защелка модели усовершенствована – выполнена по затворному принципу, что минимизирует шансы случайного повреждения руки стрелка.', '186.60', 1, '9e46cfb66fcb725806f3261d2606b8c0.jpg', '87792132c64edaeb90a2ab36d39de4a9.jpg', NULL, 0, '2014-06-11 16:31:17', '0000-00-00 00:00:00'),
(25, 30, 'Zoraki HP-01 Light', 'Пистолет Zoraki HP-01 относится к классу мульти-компрессионных пневматических пистолетов. То есть выстрел осуществляется за счет сжатого воздуха, который закачивается в резервуар пистолета посредством мускульной силы стрелка. Количество закачек воздуха напрямую влияет на мощность пистолета, то есть сделав одну закачку, стрелок получает минимальную скорость (120 м/с), а при дальнейшем закачивании - максимальную. Запаса воздуха хватает только на один выстрел.\r\nПистолет полностью автономен и не требует никаких запасных пружин, баллонов и т.д., посему не ограничен в использовании.\r\nКонструкция максимально проста и в то же время прочна и долговечна.\r\nЕще одним неоспоримым плюсом является отсутствие отдачи, потому пистолет может свободно доукомплектовываться прицелом и различными аксессуарами.\r\nСпуск регулируется по длине и усилию, что позволяет наилучшим образом настроить пистолет под стрелка.\r\nТаким образом, HP-01 - мощный, надежный и простой в использовании пистолет, который идеально подойдет как для развлекательных целей, так и для уничтожения вредителей на дачном участке.', '304.00', 1, 'f855a7ad3bc93940f7a8e4b71794a9a7.jpg', '074f84f23ee92bfc61d11ea654554d48.jpg', NULL, 0, '2014-06-11 16:49:37', '0000-00-00 00:00:00'),
(26, 31, 'EXTRA XT-S3', 'Принцип действия пистолета основан на системе пружинно-поршневой пневматики. В общих чертах – это весьма надежный и простой пистолет, создан специально для развлекательной и спортивной стрельбы. Ствол нарезной, его основа изготовлена из оружейной стали. E-Xtra XT-S3 имеет достаточно увесистую конструкцию (1,2 кг). В связи с этим, для точной стрельбы пользователь должен иметь хорошую предварительную подготовку. Оружие стреляет одним зарядом, после которого требуется перезарядка. Заряд пулей в ствол осуществляется путем перелома ствола. Чтобы владельцу было лучше целиться, производитель продумал специальные открытые прицельные приспособления, а именно – с использованием фибероптических нитей. Конструкция пистолета позволяет установить дополнительный оптический или коллиматорный прицел. Оружие выстреливает свинцовыми пулями, которые имеют начальную скорость 100 м/с. Внешние формы идеально подходят для комфортного удерживания. Помимо развлекательных целей пневматический пистолет E-Xtra XT-S3 может служить отличной защитой, которая не требует специального разрешения на использование.', '43.08', 1, 'de5bdccfb0393c1969c8dbdb8e473fc1.jpg', '5a183667165530f093b7c47cc40400c2.jpg', NULL, 0, '2014-06-12 08:42:18', '0000-00-00 00:00:00'),
(27, 31, 'CROSMAN 177 TRAIL NP', 'Benjamin is revolutionizing airgun pistols with the Trail NP Break Barrel Pistol! Powered with the same Nitro Piston® technology found in the Trail series rifles, this pistol includes a rifled steel barrel, tactical synthetic frame, fiber optic front sight and adjustable rear sight. Includes a cocking aid to enhance the appearance and make it easy to load the next round.', '145.80', 1, 'c4d7c9f7a08deb41ae11b12bda22ab29.jpg', 'ddcfe29b6ca1a8a4d67790f2bb5401af.jpg', NULL, 0, '2014-06-12 09:09:51', '0000-00-00 00:00:00'),
(28, 31, 'MAGTECH 350 synthetic blue', 'Пневматический пистолет MAGTECH 350 кал. 4.5 мм synthetic blue изготовлен из очень качественных материалов. В данном пистолете используют прицельный механизм с фибероптическими вставками, что упрощает процесс прицеливания. Этот пневматический пистолет отлично подойдет для тренировки техники стрельбы. ', '130.20', 1, 'c522decbb347d8b0e0bac875505b3760.jpg', '935db75d99830a16eb2806022a424095.jpg', NULL, 0, '2014-06-12 09:48:50', '0000-00-00 00:00:00'),
(29, 32, 'KWC PM', 'Не так давно известная тайваньская компания KWC, специализирующаяся на выпуске газобаллонного оружия представила пистолет пневматического действия KWC PM. Модель является суперточной копией знаменитого на весь мир пистолета Макарова, настолько точной, что со стороны почти не реально его отличить от настоящего. Данное оружие является идеальным вариантом, как для самообороны, так и для простой развлекательной стрельбы.\r\n KWC PM оснащен вместительным магазином, который "под завязку" заполняется 21 пулей. Боеприпасом служат небольшие пули сферической формы класса BB. Как и многие пневматические "собратья", эта модель функционирует за счет баллончика со сжатым CO2. Его достаточно для произведения 80 выстрелов. Неавтоматический предохранитель расположен на правой стороне пистолета, который застрахует от случайного выстрела во время транспортировки.\r\n KWC PM обладает достаточной мощностью стрельбы (115-120м/с). Данная скорость позволяет в случае необходимости задать недоброжелателю существенный урон. Приобретайте его в нашем оружейном интернет-магазине и используйте для самообороны, а также для тренировки в тире или на отдыхе!', '50.40', 1, 'b93880ac1a76c0d6e95dd6daf86261e4.jpg', '299ebb11af68d8759fc2ee0fe564fca6.jpg', NULL, 0, '2014-06-12 11:43:31', '0000-00-00 00:00:00'),
(30, 32, 'Crosman TT', 'Компания Crosman выпустили реплику именитого пистолета ТТ (Тульский, Токарева). Сам оригинал пистолета ТТ был разработан для конкурса в 20-х годах на новый армейский пистолет, чтобы заменить старые Наганы и некоторые другие иностранные. И с 30-х годов был принят на вооружение красной армии. Crosman TT в точности повторяет формы оригинального пистолета. Корпус и рама выполнены из прочного сплава. Прицельное приспособление это нерегулируемая планка и мушка. Мощности пистолета хватает чтобы разбить бутылку с 10 метров в дребезги. Если нужен пистолет для стрельбы по мишеням, то это не лучший выбор, т.к. он стреляет шариками, а они на много хуже по точности, в сравнении с пулями.', '85.00', 0, '3d015abf9b92504e25fd8879b19ef45b.jpg', '5859f7407668c7c7697d2ded3f585b58.jpg', NULL, 0, '2014-06-12 13:12:40', '0000-00-00 00:00:00'),
(31, 32, 'Crosman C11', '  Является удобным, легким и достаточно мощным пистолетом. Установленная схема "подвижного ствола" обеспечивает хорошую надежность подачи шариков, тем самым сводя к минимуму уровень утечки газа при выстреле, за счет отсутствия зазоров во время удара ствола по клапану. Благодаря такой уникальной схеме достигается большое количество выстрелов и высокая дульная скорость с одного баллона. Перед спусковой скобой можно найти специальное место, которое предусмотрено для установки дополнительных полезных элементов (лазерный прицел, фонарик и другие).\r\n Crosman C11 оборудован неавтоматическим предохранителем. Чтобы установить баллон достаточно выдвинуть назад накладку рукоятки, именно в этом положении будет виден поджимной винт. После установки баллона винт не выглядывает, соответственно не портит внешний вид и не мешает поддерживать пистолет снизу. Обойма освобождается легким нажатием кнопки, которая расположена у основания спусковой скобы. Корпус пистолета выполнен из высококачественного пластика, поэтому масса ствола составляет всего 500 гр. Обойма изготовлена из металла.', '50.00', 1, 'fac6c7a048f53478d8bf71bec2bf2ae8.jpg', 'e97504471d4f842928e2a09771dc6a20.jpg', NULL, 0, '2014-06-12 13:32:29', '0000-00-00 00:00:00'),
(32, 32, 'SAS MP-40', 'Пистолеты SAS стреляют шариками калибра 4,5 мм и предназначены сугубо для спортивно-тренировочных и развлекательных целей. При этом корпус специально утяжелен, чтобы придать пользователю ощущение удержания в руках боевого пистолета. В этих же целях весь модельный ряд имеет внешний вид реально существующих боевых пистолетов.\r\nМодель SAS S&W MP-40 – практически точная копия пистолета "Military and Police" американской компании Smith & Wesson, который с 2005-го года серийно выпускается в Америке и ориентирован в первую очередь на использование в органах правопорядка.\r\nПод ствол SAS S&W MP-40 интегрирована планка Weaver, позволяющая оснастить модель фонарем или целеуказателем.', '51.00', 0, '57ce782e8764eca5fb9a7724c6fa871c.jpg', 'a798ecfc6ff4e6e53172c19935103b63.jpg', NULL, 0, '2014-06-12 16:12:18', '0000-00-00 00:00:00'),
(33, 32, 'Borner WC 401', 'Под конец одиннадцатого года третьего тысячелетия некоторые оружейные магазины России начали предлагать своим покупателям новую модель пневматического пистолета от нового производителя. Называется эта модель Borner WC401. Оружие относится к классу бюджетного и его стоимость действительно можно назвать низкой. Однако уровень качества исполнения пневматики далеко не такой низкий, как её цена. В любой случае бренд Борнер изначально отказался от выпуска низкокачественной продукции, поэтому даже бюджетные модели соответствуют должному уровню качества. Политика компании направлена на то, чтобы любой стрелок, купивший любую модель пистолета Борнер, остался ею доволен.\r\n  Borner WC401 по своему внешнему виду схож с реально существующим боевым пистолетом, поэтому стрельба из него достаточно реалистична.\r\n  Форма рукояти выполнена таким образом, чтобы даже после длительного сеанса стрельбы рука стрелка не уставала. Держать в руках пистолет удобно и легко, ведь его вес составляет чуть больше трети килограмма. Хотя некоторые стрелки могут посчитать, что оружие имеет чересчур маленький вес и для него характерно ощущение игрушечности и некой пластиковости, на самом деле это не так. Borner WC401 и по ощущениям очень сильно напоминает настоящее оружие. Техническое устройство пневматического пистолета позволяет осуществлять выстрелы со скоростью полета пули до ста двадцати восьми метров за одну секунду. Такая скорость стрельбы вполне приемлема для пневматического оружия, которое рассчитано на использование в развлекательных и спортивных целях. Магазин Borner WC401 имеет вместительность в полтора десятка пуль. Для стрельбы из него пригодны только сферические пули типа ВВ, которые в простонародье зовут просто – бебешки. Как бы там ни было, а данная модель является отличным предложением в категории бюджетной пневматики.', '49.00', 1, '34367857314dd70f1a1431b2ec323107.jpg', '639e5c0351986c33862efa6cf489c15a.jpg', NULL, 0, '2014-06-12 17:02:15', '0000-00-00 00:00:00'),
(34, 32, 'Gletcher APS Blowback', 'Пневматический пистолет под названием Gletcher APS Blowback является лучшей бюджетной вариацией на тему АПС. Такие параметры как вес и элементы управления максимально приближены к боевому оригиналу «Стечкина». Очень радует четкая работа функции блоубэк. В процессе выстрела затвор осуществляет поступательные движения вперед и назад, взводя курок. Таким образом, облегчается усилие спуска для очередного выстрела. После того как боевой запас в магазине исчерпывается, затвор принимает положение затворной задержки. Все эти качества напоминают стрельбу из настоящего оригинального пистолета.\r\n  Gletcher APS Blowback оснащен барабанным регулируемым целиком. Вся прелесть в том, что он проградуированный для вида до 200 метров, то есть также как и в огнестрельном APS. Даже порядок неполной разборки аналогичен боевому Стечкину. Скопирован также цвет трехпозиционного предохранителя. Затворная рама подвижная. Материал изготовления рамы – металлический сплав. Ручка выполнена из оружейного пластика. Пистолет стреляет стальными шариками типа ВВ, которые вылетают с начальной скоростью 120 м. в секунду. Gletcher APS Blowback имеет скрытый поджимной винт баллона, который обеспечивает визуальную схожесть с оригиналом.\r\n   Если функция BlowBack не нужна, то можно купить Gletcher APS NBB по более низкой цене.', '126.60', 1, 'ea5c0f844e5e570d3093c5efcdcc59e2.jpg', '91e66c731b7a22491604e38a5fcdfce3.jpg', NULL, 0, '2014-06-12 17:25:00', '0000-00-00 00:00:00'),
(35, 32, 'Gletcher P08 Parabellum', ' Наверное, сложно найти взрослого человека, который ни разу не видел огнестрельный прототип этого пистолета или не слышал о нём. Всё же популярность его в ходе Первой и Второй Мировых Войн была весьма высока, соответственно, и в фильмах и в книгах по этим событиям он встречается регулярно. Кто-то называет его Люгер, кто-то "Парабеллум", а кто-то и по номеру модели - P08. Более того, есть даже культовая для своего времени фраза из произведения И.Ильфа и Е.Петрова "12 стульев", вложенная в уста Остапа Бендера: "Я дам вам парабеллум", да и в других произведениях упоминание об этом пистолете тоже встречается нередко.\r\n  Другое дело, что до недавнего времени у поклонников данной модели было три выхода: или очень дорого брать ММГ этого пистолета, или покупать дешёвую, но весьма посредственную по качеству и деталировке "копию" из силумина производства фирмы Denix, или же обращаться в сферу аирсофта и выбирать из множества производителей наиболее подходящую модель по вкусу и кошельку. А вот так называемой "хард-пневматики", хотя бы отдалённо похожей на Luger P08, к сожалению, никем не выпускалось.\r\n  Однако, небезызвестная своими переделками из аирсофта в "хард-пневматику" фирма Gletcher в 2013 году всё же выпустила соответствующий пистолет под своим именем -Gletcher P08, притом сразу с функцией blowback, т.е. при стрельбе как и у огнестрельного прототипа двигается затвор и рычаги. Что любопытно, почти одновременно появилась и модель P08 от фирмы Umarex, но в отличие от Gletcher P08, у Umarex P08 практически нет никаких подвижных деталей - не то что blowback, даже руками затвор не двигается. Подвижны только спуск и предохранитель.\r\n  Потому при поиске и заказе в интернете надо быть внимательным, чтобы не перепутать эти две издалека весьма похожие пневматические модели одного и того же огнестрельного прототипа и не купить "по-дешёвке" совершенно не то, что хочется (цена Gletcher P08 почти вдвое выше, чем цена Umarex P08)', '146.60', 1, '827510043244a549560bfb5a1623b137.jpg', '74fa58da089e974f7e07e9730bb349a2.jpg', NULL, 0, '2014-06-12 17:45:58', '0000-00-00 00:00:00'),
(36, 32, 'Gletcher UZM Blowback', ' Оснащено специальной системой под названием BlowBack. Модель полностью идентична внешними данными со своим оригиналом. Пневматическая модель предусматривает специальную систему, которая обеспечивает подвижность затвора. Кроме того, механизм помогает имитировать отдачу во время выстрела, а также, дает ощущение того, в руках находится настоящее боевое огнестрельное оружие. Для главных особенностей характерный диоптрический прицел, который отличается перекидными свойствами. Корпус и затвор конструкции изготовлены из качественного и прочного сплава. Для изготовления рукоятки использовался прочный пластик.\r\n   Что касается патронов, то максимальное количество, которое предусматривает магазин – это 247 штуки. Скорость максимальная достигается 100 м/с. Но самое главное, что патронами являются шарики. Ствол отличается от своих собратьев гладкостью, для изготовления которого использовали сталь. Калибр патронов составляет 4,5 мм. Надо отметить присутствие регулируемых прицельных приспособлений, а также, возможность автоматической стрельбы. Присутствует и ударный спусковой механизм, единого действия.', '173.30', 0, 'f5426c4344a3d3a3e2af12da1dfdb263.jpg', 'cf94d9369f412ceb6e89ce805271a048.jpg', NULL, 0, '2014-06-12 17:59:54', '0000-00-00 00:00:00'),
(37, 32, 'ASG CZ 75D Compact', 'Внешний дизайн этого пневматического пистолета в точности повторяет детали популярного чешского пистолета CZ 75D Compact, который активно\r\nиспользуется как чешской полицией, так и правоохранительными подразделениями Гондураса, Литвы, Польши, а также армиями Словении, США и\r\nСудана.\r\n  Прежде всего, конструкция позволяет осуществлять ручное передергивание затворной рамы, что, безусловно, создает ощущение использования\r\nреального оружия. Для большей практичности сама рама изготовлена из металла. Мушка регулируемая. В стволе есть нарезы для установки\r\nсаунд-модератора. Интегрированный под ствол профиль Weaver позволяет при необходимости установить фонарь или целеуказатель.\r\n  Для удобства и надежности удержания рукоятка оснащена рельефными резиновыми накладками. Резиновая также и база магазина, что защищает\r\nего при случайном падении. Магазин, извлекаемый посредством кнопочного механизма, служит одновременно и местом фиксации баллона СО2 .\r\n  Пистолеты ASG модели CZ 75D Compact производятся в двух исполнениях – классическом черном и с никелевой вставкой на затворной раме.', '60.00', 1, '3bdd3f852941e02846f09e98fb95dc35.jpg', '5acdb554b0f419aa79aca94ccf6d2663.jpg', NULL, 0, '2014-06-12 18:15:38', '0000-00-00 00:00:00');

-- --------------------------------------------------------

--
-- Структура таблицы `tbl_product_link`
--

CREATE TABLE IF NOT EXISTS `tbl_product_link` (
  `lnk_id` smallint(5) NOT NULL AUTO_INCREMENT,
  `pd_id` smallint(5) NOT NULL,
  `flt_id` smallint(5) NOT NULL,
  `val_id` smallint(5) NOT NULL,
  PRIMARY KEY (`lnk_id`)
) ENGINE=MyISAM  DEFAULT CHARSET=utf8 AUTO_INCREMENT=561 ;

--
-- Дамп данных таблицы `tbl_product_link`
--

INSERT INTO `tbl_product_link` (`lnk_id`, `pd_id`, `flt_id`, `val_id`) VALUES
(34, 3, 1, 220),
(35, 3, 4, 7),
(36, 3, 17, 15),
(37, 3, 12, 37),
(38, 3, 7, 127),
(39, 5, 1, 220),
(40, 5, 4, 7),
(41, 5, 17, 15),
(42, 5, 12, 144),
(43, 5, 7, 124),
(44, 2, 1, 220),
(45, 2, 4, 8),
(46, 2, 17, 13),
(47, 2, 12, 37),
(48, 2, 7, 130),
(49, 8, 1, 221),
(50, 8, 4, 7),
(51, 8, 17, 15),
(52, 8, 12, 144),
(53, 8, 7, 124),
(54, 7, 1, 221),
(55, 7, 4, 7),
(56, 7, 17, 15),
(57, 7, 12, 37),
(58, 7, 7, 127),
(59, 6, 1, 221),
(60, 6, 4, 7),
(61, 6, 17, 15),
(62, 6, 12, 37),
(63, 6, 7, 127),
(64, 9, 1, 1),
(65, 9, 6, 64),
(66, 9, 9, 4),
(67, 9, 15, 9),
(68, 9, 3, 10),
(69, 9, 19, 11),
(70, 9, 11, 14),
(71, 9, 7, 31),
(72, 9, 8, 32),
(73, 9, 20, 50),
(74, 9, 12, 48),
(75, 9, 16, 52),
(76, 9, 14, 59),
(77, 9, 10, 65),
(78, 9, 13, 61),
(79, 10, 1, 3),
(80, 10, 6, 62),
(81, 10, 9, 6),
(82, 10, 15, 9),
(83, 10, 3, 10),
(84, 10, 19, 11),
(85, 10, 11, 15),
(86, 10, 7, 29),
(195, 19, 15, 173),
(88, 10, 20, 51),
(89, 10, 12, 47),
(90, 10, 16, 52),
(91, 10, 14, 60),
(92, 10, 10, 65),
(93, 10, 13, 61),
(94, 11, 1, 2),
(95, 11, 6, 63),
(196, 19, 3, 10),
(97, 11, 15, 9),
(98, 11, 3, 10),
(99, 11, 19, 12),
(100, 11, 11, 15),
(101, 11, 7, 23),
(194, 19, 6, 64),
(103, 11, 20, 50),
(104, 11, 12, 46),
(105, 11, 16, 52),
(106, 11, 14, 53),
(107, 11, 10, 65),
(108, 11, 13, 61),
(109, 12, 1, 109),
(110, 12, 6, 222),
(111, 12, 15, 9),
(112, 12, 3, 10),
(113, 12, 14, 223),
(114, 12, 19, 104),
(115, 12, 11, 15),
(116, 12, 7, 82),
(117, 12, 20, 49),
(118, 12, 12, 148),
(119, 12, 10, 84),
(120, 12, 13, 96),
(144, 13, 13, 206),
(143, 13, 10, 84),
(142, 13, 12, 144),
(141, 13, 20, 49),
(140, 13, 7, 214),
(139, 13, 11, 14),
(138, 13, 19, 104),
(137, 13, 14, 177),
(136, 13, 3, 10),
(135, 13, 15, 9),
(134, 13, 6, 64),
(133, 13, 1, 1),
(145, 14, 1, 71),
(146, 14, 6, 74),
(147, 14, 15, 9),
(148, 14, 3, 10),
(149, 14, 14, 100),
(150, 14, 19, 104),
(151, 14, 11, 15),
(152, 14, 7, 83),
(153, 14, 20, 50),
(154, 14, 12, 43),
(155, 14, 10, 65),
(156, 14, 13, 96),
(157, 16, 1, 110),
(158, 16, 6, 113),
(159, 16, 9, 4),
(160, 16, 19, 11),
(161, 16, 11, 14),
(162, 16, 7, 140),
(163, 16, 8, 32),
(164, 16, 12, 160),
(165, 16, 16, 174),
(166, 16, 14, 57),
(167, 16, 10, 65),
(168, 16, 13, 61),
(169, 17, 1, 72),
(170, 17, 6, 74),
(201, 19, 10, 121),
(172, 17, 19, 11),
(173, 17, 11, 14),
(174, 17, 7, 29),
(197, 19, 14, 186),
(176, 17, 12, 38),
(200, 19, 10, 121),
(178, 17, 14, 197),
(179, 17, 10, 65),
(180, 17, 13, 61),
(181, 18, 1, 70),
(182, 18, 6, 63),
(199, 19, 14, 186),
(184, 18, 19, 11),
(185, 18, 11, 14),
(186, 18, 7, 23),
(198, 19, 14, 186),
(188, 18, 12, 47),
(189, 18, 16, 174),
(190, 18, 14, 199),
(191, 18, 10, 65),
(193, 19, 1, 1),
(202, 19, 3, 10),
(203, 19, 12, 211),
(204, 19, 20, 50),
(205, 19, 11, 15),
(206, 19, 0, 0),
(207, 19, 0, 0),
(208, 19, 20, 50),
(209, 19, 12, 211),
(210, 19, 7, 215),
(211, 19, 13, 96),
(212, 20, 1, 1),
(213, 20, 6, 64),
(214, 20, 13, 96),
(215, 20, 3, 10),
(216, 20, 15, 173),
(217, 20, 14, 186),
(218, 20, 10, 121),
(219, 20, 19, 12),
(220, 20, 20, 50),
(221, 20, 22, 15),
(222, 20, 12, 211),
(223, 20, 7, 215),
(224, 21, 1, 203),
(225, 21, 6, 74),
(226, 21, 15, 172),
(227, 21, 3, 10),
(228, 21, 14, 180),
(229, 21, 10, 225),
(230, 21, 18, 226),
(231, 21, 12, 208),
(232, 21, 20, 50),
(233, 21, 11, 15),
(234, 21, 7, 216),
(235, 21, 13, 206),
(236, 22, 1, 1),
(237, 22, 6, 64),
(238, 22, 15, 173),
(239, 22, 3, 10),
(240, 22, 14, 191),
(241, 22, 10, 119),
(242, 22, 12, 228),
(243, 22, 20, 227),
(244, 22, 9, 5),
(245, 22, 7, 135),
(246, 22, 13, 96),
(247, 23, 1, 1),
(248, 23, 6, 64),
(249, 23, 13, 96),
(250, 23, 3, 10),
(251, 23, 15, 9),
(252, 23, 14, 229),
(253, 23, 10, 65),
(254, 23, 19, 12),
(255, 23, 20, 227),
(256, 23, 9, 5),
(257, 23, 12, 230),
(258, 23, 7, 231),
(259, 24, 1, 2),
(260, 24, 6, 63),
(261, 24, 13, 96),
(262, 24, 3, 10),
(263, 24, 15, 9),
(264, 24, 14, 232),
(265, 24, 10, 65),
(266, 24, 20, 51),
(267, 24, 22, 15),
(268, 24, 12, 236),
(269, 24, 7, 235),
(270, 25, 1, 237),
(271, 25, 6, 113),
(272, 25, 13, 96),
(273, 25, 3, 10),
(274, 25, 15, 9),
(275, 25, 14, 185),
(276, 25, 10, 65),
(277, 25, 20, 49),
(278, 25, 22, 15),
(279, 25, 9, 5),
(280, 25, 12, 238),
(281, 25, 7, 239),
(282, 26, 13, 61),
(283, 26, 3, 10),
(284, 26, 15, 9),
(285, 26, 14, 177),
(286, 26, 10, 65),
(287, 26, 22, 15),
(288, 26, 9, 5),
(289, 26, 12, 242),
(290, 26, 23, 241),
(291, 26, 7, 240),
(292, 27, 1, 1),
(293, 27, 6, 64),
(294, 27, 13, 61),
(295, 27, 3, 10),
(296, 27, 15, 9),
(297, 27, 14, 181),
(298, 27, 10, 65),
(299, 27, 19, 11),
(300, 27, 20, 50),
(301, 27, 16, 52),
(302, 27, 22, 15),
(303, 27, 12, 245),
(304, 27, 7, 246),
(305, 26, 22, 15),
(306, 26, 9, 5),
(307, 26, 12, 242),
(308, 26, 23, 241),
(309, 26, 7, 240),
(310, 28, 1, 3),
(311, 28, 6, 62),
(312, 28, 13, 61),
(313, 28, 3, 10),
(314, 28, 15, 9),
(315, 28, 14, 250),
(316, 28, 10, 65),
(317, 28, 19, 11),
(318, 28, 20, 50),
(319, 28, 16, 174),
(320, 28, 22, 15),
(321, 28, 9, 5),
(322, 28, 12, 251),
(323, 28, 23, 241),
(324, 28, 7, 240),
(325, 29, 1, 258),
(326, 29, 6, 259),
(327, 29, 13, 206),
(328, 29, 15, 172),
(329, 29, 3, 10),
(330, 29, 14, 178),
(331, 29, 10, 119),
(332, 29, 26, 260),
(333, 29, 17, 262),
(334, 29, 31, 7),
(335, 29, 35, 274),
(336, 29, 34, 254),
(337, 29, 27, 262),
(338, 29, 19, 276),
(339, 29, 30, 267),
(340, 29, 22, 15),
(341, 29, 32, 8),
(342, 29, 20, 227),
(343, 29, 28, 271),
(344, 29, 23, 255),
(345, 29, 29, 270),
(346, 29, 9, 6),
(347, 29, 24, 265),
(348, 29, 12, 266),
(349, 29, 18, 226),
(350, 29, 7, 264),
(351, 30, 1, 1),
(352, 30, 6, 259),
(353, 30, 13, 206),
(354, 30, 15, 172),
(355, 30, 3, 10),
(356, 30, 14, 277),
(357, 30, 10, 119),
(358, 30, 26, 260),
(359, 30, 17, 262),
(360, 30, 31, 7),
(361, 30, 35, 278),
(362, 30, 34, 254),
(363, 30, 27, 262),
(364, 30, 19, 276),
(365, 30, 30, 267),
(366, 30, 22, 15),
(367, 30, 32, 7),
(368, 30, 20, 227),
(369, 30, 28, 271),
(370, 30, 23, 279),
(371, 30, 29, 280),
(372, 30, 9, 5),
(373, 30, 24, 281),
(374, 30, 12, 283),
(375, 30, 18, 226),
(376, 30, 7, 282),
(377, 31, 1, 1),
(378, 31, 6, 249),
(379, 31, 13, 206),
(380, 31, 15, 172),
(381, 31, 3, 10),
(382, 31, 14, 292),
(383, 31, 10, 291),
(384, 31, 26, 290),
(385, 31, 17, 15),
(386, 31, 31, 7),
(387, 31, 35, 274),
(388, 31, 34, 254),
(389, 31, 27, 15),
(390, 31, 19, 276),
(391, 31, 30, 267),
(392, 31, 22, 15),
(393, 31, 32, 7),
(394, 31, 20, 227),
(395, 31, 28, 271),
(396, 31, 23, 279),
(397, 31, 29, 288),
(398, 31, 9, 5),
(399, 31, 24, 287),
(400, 31, 12, 286),
(401, 31, 25, 269),
(402, 31, 18, 226),
(403, 31, 7, 289),
(404, 32, 1, 304),
(405, 32, 6, 259),
(406, 32, 13, 206),
(407, 32, 15, 172),
(408, 32, 3, 10),
(409, 32, 14, 232),
(410, 32, 10, 291),
(411, 32, 26, 300),
(412, 32, 17, 262),
(413, 32, 31, 7),
(414, 32, 35, 274),
(415, 32, 34, 254),
(416, 32, 27, 262),
(417, 32, 19, 276),
(418, 32, 30, 267),
(419, 32, 22, 15),
(420, 32, 32, 7),
(421, 32, 20, 227),
(422, 32, 28, 271),
(423, 32, 23, 255),
(424, 32, 29, 270),
(425, 32, 9, 5),
(426, 32, 24, 301),
(427, 32, 12, 302),
(428, 32, 25, 269),
(429, 32, 18, 226),
(430, 32, 7, 303),
(431, 33, 1, 305),
(432, 33, 6, 259),
(433, 33, 13, 206),
(434, 33, 15, 172),
(435, 33, 3, 10),
(436, 33, 14, 232),
(437, 33, 10, 306),
(438, 33, 26, 260),
(439, 33, 17, 15),
(440, 33, 31, 7),
(441, 33, 35, 274),
(442, 33, 34, 254),
(443, 33, 19, 276),
(444, 33, 30, 267),
(445, 33, 22, 15),
(446, 33, 32, 7),
(447, 33, 20, 227),
(448, 33, 28, 271),
(449, 33, 23, 279),
(450, 33, 29, 270),
(451, 33, 9, 5),
(452, 33, 24, 308),
(453, 33, 12, 302),
(454, 33, 25, 269),
(455, 33, 18, 226),
(456, 33, 7, 307),
(457, 34, 1, 309),
(458, 34, 6, 259),
(459, 34, 13, 206),
(460, 34, 15, 172),
(461, 34, 3, 10),
(462, 34, 14, 232),
(463, 34, 10, 310),
(464, 34, 26, 311),
(465, 34, 17, 262),
(466, 34, 31, 7),
(467, 34, 35, 278),
(468, 34, 34, 50),
(469, 34, 27, 262),
(470, 34, 19, 276),
(471, 34, 30, 267),
(472, 34, 22, 15),
(473, 34, 32, 8),
(474, 34, 20, 227),
(475, 34, 28, 271),
(476, 34, 23, 279),
(477, 34, 29, 280),
(478, 34, 9, 315),
(479, 34, 24, 314),
(480, 34, 12, 313),
(481, 34, 18, 226),
(482, 34, 7, 312),
(483, 35, 1, 309),
(484, 35, 6, 259),
(485, 35, 13, 206),
(486, 35, 15, 172),
(487, 35, 3, 10),
(488, 35, 14, 250),
(489, 35, 10, 120),
(490, 35, 26, 311),
(491, 35, 17, 262),
(492, 35, 31, 7),
(493, 35, 35, 278),
(494, 35, 34, 50),
(495, 35, 27, 262),
(496, 35, 19, 276),
(497, 35, 30, 267),
(498, 35, 22, 15),
(499, 35, 32, 8),
(500, 35, 20, 227),
(501, 35, 28, 271),
(502, 35, 23, 279),
(503, 35, 29, 270),
(504, 35, 9, 5),
(505, 35, 24, 318),
(506, 35, 12, 317),
(507, 35, 18, 226),
(508, 35, 7, 316),
(509, 36, 1, 309),
(510, 36, 6, 259),
(511, 36, 13, 206),
(512, 36, 15, 172),
(513, 36, 3, 10),
(514, 36, 14, 325),
(515, 36, 10, 319),
(516, 36, 26, 320),
(517, 36, 17, 262),
(518, 36, 31, 7),
(519, 36, 35, 278),
(520, 36, 34, 50),
(521, 36, 27, 262),
(522, 36, 30, 324),
(523, 36, 22, 15),
(524, 36, 32, 7),
(525, 36, 20, 227),
(526, 36, 28, 271),
(527, 36, 23, 279),
(528, 36, 29, 270),
(529, 36, 9, 5),
(530, 36, 24, 322),
(531, 36, 12, 323),
(532, 36, 18, 226),
(533, 36, 7, 321),
(534, 37, 1, 326),
(535, 37, 6, 257),
(536, 37, 13, 206),
(537, 37, 15, 172),
(538, 37, 3, 10),
(539, 37, 14, 333),
(540, 37, 10, 332),
(541, 37, 26, 300),
(542, 37, 17, 262),
(543, 37, 31, 7),
(544, 37, 35, 278),
(545, 37, 34, 254),
(546, 37, 27, 262),
(547, 37, 19, 276),
(548, 37, 30, 267),
(549, 37, 22, 15),
(550, 37, 32, 7),
(551, 37, 20, 227),
(552, 37, 28, 271),
(553, 37, 23, 279),
(554, 37, 29, 331),
(555, 37, 9, 5),
(556, 37, 24, 328),
(557, 37, 12, 329),
(558, 37, 25, 269),
(559, 37, 18, 226),
(560, 37, 7, 330);

-- --------------------------------------------------------

--
-- Структура таблицы `tbl_review`
--

CREATE TABLE IF NOT EXISTS `tbl_review` (
  `rv_id` int(11) NOT NULL AUTO_INCREMENT,
  `rv_pd_id` int(11) NOT NULL,
  `rv_usr_id` int(11) NOT NULL,
  `rv_usr_name` varchar(30) NOT NULL,
  `rv_usr_email` varchar(30) NOT NULL,
  `rv_usr_rating` int(11) NOT NULL,
  `rv_text` varchar(300) NOT NULL,
  `rv_valid` int(11) NOT NULL DEFAULT '0',
  `rv_date` varchar(45) NOT NULL,
  PRIMARY KEY (`rv_id`)
) ENGINE=MyISAM  DEFAULT CHARSET=utf8 AUTO_INCREMENT=2 ;

-- --------------------------------------------------------

--
-- Структура таблицы `tbl_shipping`
--

CREATE TABLE IF NOT EXISTS `tbl_shipping` (
  `sh_id` int(6) NOT NULL AUTO_INCREMENT,
  `sh_session` char(32) DEFAULT NULL,
  `sh_name` varchar(25) DEFAULT NULL,
  `sh_phone` varchar(25) DEFAULT NULL,
  `sh_email` varchar(25) DEFAULT NULL,
  `sh_city` varchar(25) DEFAULT NULL,
  `sh_address` varchar(100) DEFAULT NULL,
  `sh_ship` varchar(4) DEFAULT NULL,
  `sh_uid` int(5) NOT NULL DEFAULT '0',
  `sh_flag` smallint(3) NOT NULL DEFAULT '0',
  PRIMARY KEY (`sh_id`)
) ENGINE=MyISAM  DEFAULT CHARSET=utf8 AUTO_INCREMENT=6 ;

--
-- Дамп данных таблицы `tbl_shipping`
--

INSERT INTO `tbl_shipping` (`sh_id`, `sh_session`, `sh_name`, `sh_phone`, `sh_email`, `sh_city`, `sh_address`, `sh_ship`, `sh_uid`, `sh_flag`) VALUES
(2, '7ohrcem9n0nil6gj1c72bsllf1', 'abj', '123', 'example@email.com', 'aodj', '', 'cour', 0, 1),
(3, 'fvm381k3b85h4g1vnred5c5tv3', 'asdfasdf', '545454545151', 'asfas@sdfaasdf.rr', 'sdafasdf', '', 'cod', 0, 0),
(4, 'vijlr0v1hfq5vf8jlbka3kmn31', 'Artem Petrenko', '380509221571', 'chaos.laert@gmail.com', 'Dnipropetrovsk', 'Minina 3/149', 'cod', 0, 1),
(5, 'iucdpvmm7j4sfluhkkod1iqvj3', 'Артем Петренко', '0509221571', 'chaos.laert@gmail.com', 'Днепропетровск', '', 'cod', 15, 0);

-- --------------------------------------------------------

--
-- Структура таблицы `tbl_shop_config`
--

CREATE TABLE IF NOT EXISTS `tbl_shop_config` (
  `sc_name` varchar(50) NOT NULL DEFAULT '',
  `sc_address` varchar(100) NOT NULL DEFAULT '',
  `sc_phone` varchar(30) NOT NULL DEFAULT '',
  `sc_email` varchar(30) NOT NULL DEFAULT '',
  `sc_shipping_cost` decimal(5,2) NOT NULL DEFAULT '0.00',
  `sc_currency` int(10) unsigned NOT NULL DEFAULT '1',
  `sc_order_email` enum('y','n') NOT NULL DEFAULT 'n',
  `sc_exch` decimal(5,2) NOT NULL DEFAULT '0.00',
  PRIMARY KEY (`sc_name`)
) ENGINE=MyISAM DEFAULT CHARSET=utf8;

--
-- Дамп данных таблицы `tbl_shop_config`
--

INSERT INTO `tbl_shop_config` (`sc_name`, `sc_address`, `sc_phone`, `sc_email`, `sc_shipping_cost`, `sc_currency`, `sc_order_email`, `sc_exch`) VALUES
('KeyShop - Механические клавиатуры', '', '050 922 15 71', 'keyshop.ua@gmail.com', '0.00', 2, 'y', '12.00');

-- --------------------------------------------------------

--
-- Структура таблицы `tbl_user`
--

CREATE TABLE IF NOT EXISTS `tbl_user` (
  `user_id` int(10) unsigned NOT NULL AUTO_INCREMENT,
  `user_name` varchar(20) NOT NULL DEFAULT '',
  `user_password` varchar(32) NOT NULL DEFAULT '',
  `user_regdate` datetime NOT NULL DEFAULT '0000-00-00 00:00:00',
  `user_last_login` datetime NOT NULL DEFAULT '0000-00-00 00:00:00',
  PRIMARY KEY (`user_id`),
  UNIQUE KEY `user_name` (`user_name`)
) ENGINE=MyISAM  DEFAULT CHARSET=utf8 AUTO_INCREMENT=4 ;

--
-- Дамп данных таблицы `tbl_user`
--

INSERT INTO `tbl_user` (`user_id`, `user_name`, `user_password`, `user_regdate`, `user_last_login`) VALUES
(1, 'admin', '7e212e2b0d60f7f4124a17af060f7566', '2005-02-20 17:35:44', '2014-06-13 15:56:55'),
(3, 'webmaster', '026cf3fc6e903caf', '2005-03-02 17:52:51', '0000-00-00 00:00:00');

-- --------------------------------------------------------

--
-- Структура таблицы `users`
--

CREATE TABLE IF NOT EXISTS `users` (
  `id` int(8) NOT NULL AUTO_INCREMENT,
  `username` varchar(25) CHARACTER SET utf8 NOT NULL,
  `password` varchar(32) CHARACTER SET utf8 NOT NULL,
  `temp_pass` varchar(32) CHARACTER SET utf8 NOT NULL,
  `temp_pass_active` int(1) NOT NULL,
  `first_name` varchar(25) CHARACTER SET utf8 NOT NULL,
  `last_name` varchar(25) CHARACTER SET utf8 NOT NULL,
  `email` varchar(35) CHARACTER SET utf8 NOT NULL,
  `dialing_code` int(5) NOT NULL,
  `phone` int(25) NOT NULL,
  `city` varchar(80) CHARACTER SET utf8 NOT NULL,
  `country` varchar(80) CHARACTER SET utf8 NOT NULL,
  `thumb_path` varchar(150) CHARACTER SET utf8 NOT NULL,
  `img_path` varchar(150) CHARACTER SET utf8 NOT NULL,
  `active` int(1) NOT NULL,
  `level_access` int(1) NOT NULL,
  `act_key` varchar(80) CHARACTER SET utf8 NOT NULL,
  `reg_date` varchar(45) CHARACTER SET utf8 NOT NULL,
  `last_active` varchar(50) CHARACTER SET utf8 NOT NULL,
  PRIMARY KEY (`id`)
) ENGINE=MyISAM  DEFAULT CHARSET=latin1 AUTO_INCREMENT=23 ;

--
-- Дамп данных таблицы `users`
--

INSERT INTO `users` (`id`, `username`, `password`, `temp_pass`, `temp_pass_active`, `first_name`, `last_name`, `email`, `dialing_code`, `phone`, `city`, `country`, `thumb_path`, `img_path`, `active`, `level_access`, `act_key`, `reg_date`, `last_active`) VALUES
(2, 'admin', 'eb0e08b3bd3351091697316934808133', '', 0, 'Site', 'Admin', 'admin@test.com', 254, 722123123, 'Nairobi', 'Kenya', '', '', 1, 1, '', '', ''),
(15, 'laert', '266e8d5449777ef4651279cb8517d157', '', 0, 'Артем', 'Петренко', 'laert13@ya.ru', 0, 509221571, 'Днепропетровск', 'Украина', '', '', 1, 2, '', 'Thursday, Mar 13, 2014, 5:47 pm', ''),
(22, 'bash', '266e8d5449777ef4651279cb8517d157', '', 0, '', '', 'zone-i@i.ua', 0, 0, '', '', '', '', 1, 2, '', '2014-06-16 10:05:11', '');

/*!40101 SET CHARACTER_SET_CLIENT=@OLD_CHARACTER_SET_CLIENT */;
/*!40101 SET CHARACTER_SET_RESULTS=@OLD_CHARACTER_SET_RESULTS */;
/*!40101 SET COLLATION_CONNECTION=@OLD_COLLATION_CONNECTION */;
